avgRSSI,avgVar,advCount,uniqueDevices,rotationEvents,spamEvents,impersonationEvents,appleMfgEvents,tileMfgEvents,samsungMfgEvents,appleSubtypeAnomalyEvents,microsoftSubtypeAnomalyEvents,samsungSubtypeAnomalyEvents,appleNameEvents,windowsNameEvents,samsungNameEvents,androidNameEvents,ninebotNameEvents,highRateEvents,veryHighRateEvents,highVarianceEvents,floodingEvents,lowVarCloseEvents,longPresenceEvents,veryCloseEvents,closeEvents,spoofingEvents,serviceUUIDAnomalyEvents,manuFloodEvents,payloadSpamEvents,evilTwinEvents,samsungSpamEvents,appleSourEvents,appleJuiceEvents,flipperEvents,swiftPairEvents,googleFastPairEvents,samsungTelemetryEvents,label
-87.9011818386207,0.9072004281472164,35,3,0,0,0,1,0,1,0,0,0,2,3,3,2,2,0,0,0,0,0,0,0,0,0,0,0,0,0,0,0,0,0,0,0,0,0
-80.5178268294867,0.7661802578196131,36,5,0,0,0,1,1,3,0,0,0,3,0,1,2,1,0,0,0,0,0,0,0,0,0,0,0,0,0,0,0,0,0,0,0,0,0
-67.12197472928227,0.6064588523535444,45,3,0,0,0,1,1,0,0,0,0,0,2,2,3,0,0,0,0,0,0,0,0,0,0,0,0,0,0,0,0,0,0,0,0,0,0
-49.00241207654168,0.7163973684968777,72,12,0,0,0,0,3,3,0,0,0,2,0,2,2,2,0,0,0,0,0,0,0,0,0,0,0,0,0,0,0,0,0,0,0,0,0
-70.76679565878018,0.4370520138263482,22,11,0,0,0,3,0,0,0,0,0,1,0,2,0,0,0,0,0,0,0,0,0,0,0,0,0,0,0,0,0,0,0,0,0,0,0
-89.2065842384174,0.7814165209686733,43,5,0,0,0,0,1,3,0,0,0,2,1,1,1,1,0,0,0,0,0,0,0,0,0,0,0,0,0,0,0,0,0,0,0,0,0
-71.44516048744111,0.15596514781308732,52,5,0,0,0,5,3,2,0,0,0,3,3,0,2,1,0,0,0,0,0,0,0,0,0,0,0,0,0,0,0,0,0,0,0,0,0
-88.25679586907158,0.8066715805290454,46,9,0,0,0,1,2,2,0,0,0,2,1,1,1,1,0,0,0,0,0,0,0,0,0,0,0,0,0,0,0,0,0,0,0,0,0
-49.91007936013648,0.9241959980143521,42,11,0,0,0,0,2,0,0,0,0,2,0,1,3,1,0,0,0,0,0,0,0,0,0,0,0,0,0,0,0,0,0,0,0,0,0
-48.22404108972611,0.4322588206669701,66,10,0,0,0,0,0,3,0,0,0,0,0,1,1,0,0,0,0,0,0,0,0,0,0,0,0,0,0,0,0,0,0,0,0,0,0
-61.01289410336189,0.3283404408154699,23,13,0,0,0,4,1,2,0,0,0,2,3,1,1,2,0,0,0,0,0,0,0,0,0,0,0,0,0,0,0,0,0,0,0,0,0
-65.8149951144396,0.7539105306396091,52,8,0,0,0,3,3,1,0,0,0,0,2,3,3,2,0,0,0,0,0,0,0,0,0,0,0,0,0,0,0,0,0,0,0,0,0
-87.36506747571467,0.9629902250216551,59,6,0,0,0,2,0,1,0,0,0,0,0,1,3,2,0,0,0,0,0,0,0,0,0,0,0,0,0,0,0,0,0,0,0,0,0
-73.20218666158021,0.7972337115535831,60,13,0,0,0,2,3,2,0,0,0,2,1,3,0,0,0,0,0,0,0,0,0,0,0,0,0,0,0,0,0,0,0,0,0,0,0
-86.8001867397052,0.9202550172039187,59,13,0,0,0,5,2,3,0,0,0,3,0,0,2,0,0,0,0,0,0,0,0,0,0,0,0,0,0,0,0,0,0,0,0,0,0
-81.31890181324738,0.2367708143523491,65,10,0,0,0,4,2,1,0,0,0,2,3,3,2,2,0,0,0,0,0,0,0,0,0,0,0,0,0,0,0,0,0,0,0,0,0
-88.7332448912442,0.33301837388072886,37,5,0,0,0,4,1,2,0,0,0,3,2,0,0,1,0,0,0,0,0,0,0,0,0,0,0,0,0,0,0,0,0,0,0,0,0
-55.25168435639625,0.555292044496151,47,10,0,0,0,3,2,1,0,0,0,0,0,2,2,2,0,0,0,0,0,0,0,0,0,0,0,0,0,0,0,0,0,0,0,0,0
-59.8589000401297,0.6059190682055046,40,7,0,0,0,2,0,2,0,0,0,0,2,1,0,0,0,0,0,0,0,0,0,0,0,0,0,0,0,0,0,0,0,0,0,0,0
-87.5128921300123,0.21903169334557648,55,13,0,0,0,4,2,0,0,0,0,1,0,2,0,2,0,0,0,0,0,0,0,0,0,0,0,0,0,0,0,0,0,0,0,0,0
-62.50244135759363,0.7318114260833305,39,15,0,0,0,5,0,2,0,0,0,0,2,1,1,1,0,0,0,0,0,0,0,0,0,0,0,0,0,0,0,0,0,0,0,0,0
-59.0130181968189,0.4920963942834048,70,10,0,0,0,0,0,0,0,0,0,0,3,2,1,1,0,0,0,0,0,0,0,0,0,0,0,0,0,0,0,0,0,0,0,0,0
-72.94248065018287,0.2815776355166952,33,9,0,0,0,2,3,2,0,0,0,2,3,2,3,0,0,0,0,0,0,0,0,0,0,0,0,0,0,0,0,0,0,0,0,0,0
-63.128010384163176,0.9984046223639815,58,9,0,0,0,2,3,3,0,0,0,3,1,0,0,0,0,0,0,0,0,0,0,0,0,0,0,0,0,0,0,0,0,0,0,0,0
-53.18858969259647,0.13135287971095694,70,8,0,0,0,0,0,3,0,0,0,3,0,1,2,0,0,0,0,0,0,0,0,0,0,0,0,0,0,0,0,0,0,0,0,0,0
-40.29196794464067,0.30171560385611385,76,14,0,0,0,4,3,1,0,0,0,0,3,0,0,0,0,0,0,0,0,0,0,0,0,0,0,0,0,0,0,0,0,0,0,0,0
-70.39606327829168,0.9287425203228048,59,14,0,0,0,4,0,1,0,0,0,3,1,1,2,2,0,0,0,0,0,0,0,0,0,0,0,0,0,0,0,0,0,0,0,0,0
-81.96701960545892,0.9496478192715665,54,10,0,0,0,1,0,3,0,0,0,1,2,0,3,0,0,0,0,0,0,0,0,0,0,0,0,0,0,0,0,0,0,0,0,0,0
-40.81590617621238,0.33527111151790334,76,5,0,0,0,3,0,2,0,0,0,0,1,1,0,0,0,0,0,0,0,0,0,0,0,0,0,0,0,0,0,0,0,0,0,0,0
-40.07120412944446,0.34318029157590574,56,11,0,0,0,5,3,2,0,0,0,1,0,0,2,2,0,0,0,0,0,0,0,0,0,0,0,0,0,0,0,0,0,0,0,0,0
-71.3889481213709,0.4867859811607159,39,12,0,0,0,5,2,0,0,0,0,1,2,1,3,1,0,0,0,0,0,0,0,0,0,0,0,0,0,0,0,0,0,0,0,0,0
-70.74720135095447,0.32531535670435296,24,12,0,0,0,2,2,0,0,0,0,1,0,3,1,2,0,0,0,0,0,0,0,0,0,0,0,0,0,0,0,0,0,0,0,0,0
-86.83324223016089,0.800284612005265,60,13,0,0,0,4,1,2,0,0,0,0,2,1,1,2,0,0,0,0,0,0,0,0,0,0,0,0,0,0,0,0,0,0,0,0,0
-63.545560122501556,0.27575774789978796,23,6,0,0,0,5,1,0,0,0,0,2,0,0,1,0,0,0,0,0,0,0,0,0,0,0,0,0,0,0,0,0,0,0,0,0,0
-89.21316194661752,0.6636587166466343,49,4,0,0,0,0,3,3,0,0,0,1,3,0,0,0,0,0,0,0,0,0,0,0,0,0,0,0,0,0,0,0,0,0,0,0,0
-65.11535833808169,0.9624129472120374,54,4,0,0,0,5,0,3,0,0,0,0,1,2,1,0,0,0,0,0,0,0,0,0,0,0,0,0,0,0,0,0,0,0,0,0,0
-77.31802021888733,0.9787580229381905,34,9,0,0,0,2,2,2,0,0,0,3,1,0,3,0,0,0,0,0,0,0,0,0,0,0,0,0,0,0,0,0,0,0,0,0,0
-49.45560083311451,0.8954806492048419,38,5,0,0,0,3,1,0,0,0,0,2,0,1,1,0,0,0,0,0,0,0,0,0,0,0,0,0,0,0,0,0,0,0,0,0,0
-57.34508987926874,0.9831034676217079,20,5,0,0,0,2,1,3,0,0,0,2,3,3,1,1,0,0,0,0,0,0,0,0,0,0,0,0,0,0,0,0,0,0,0,0,0
-50.47086775750462,0.40103995393679504,64,4,0,0,0,3,2,2,0,0,0,1,2,0,1,1,0,0,0,0,0,0,0,0,0,0,0,0,0,0,0,0,0,0,0,0,0
-79.57930666178866,0.6312366085980387,51,9,0,0,0,0,2,3,0,0,0,1,3,3,1,2,0,0,0,0,0,0,0,0,0,0,0,0,0,0,0,0,0,0,0,0,0
-75.0572253274195,0.3590271364081066,49,15,0,0,0,0,0,2,0,0,0,2,1,0,2,2,0,0,0,0,0,0,0,0,0,0,0,0,0,0,0,0,0,0,0,0,0
-64.36869150131939,0.20333251350760384,72,12,0,0,0,5,2,2,0,0,0,3,2,1,0,1,0,0,0,0,0,0,0,0,0,0,0,0,0,0,0,0,0,0,0,0,0
-42.89215142975671,0.8540054821489586,26,12,0,0,0,4,0,2,0,0,0,0,3,3,0,0,0,0,0,0,0,0,0,0,0,0,0,0,0,0,0,0,0,0,0,0,0
-82.41749666190597,0.204556904084978,45,7,0,0,0,4,2,1,0,0,0,1,1,2,3,1,0,0,0,0,0,0,0,0,0,0,0,0,0,0,0,0,0,0,0,0,0
-82.94539590746406,0.7231465398414442,69,10,0,0,0,3,2,1,0,0,0,3,1,1,1,2,0,0,0,0,0,0,0,0,0,0,0,0,0,0,0,0,0,0,0,0,0
-71.7403980774419,0.3849588883327435,72,14,0,0,0,3,0,0,0,0,0,0,1,3,2,2,0,0,0,0,0,0,0,0,0,0,0,0,0,0,0,0,0,0,0,0,0
-81.8406342869433,0.6870216562725309,55,11,0,0,0,1,2,2,0,0,0,1,2,0,0,1,0,0,0,0,0,0,0,0,0,0,0,0,0,0,0,0,0,0,0,0,0
-50.91684804311971,0.5716216905868571,20,14,0,0,0,1,2,1,0,0,0,3,1,0,2,2,0,0,0,0,0,0,0,0,0,0,0,0,0,0,0,0,0,0,0,0,0
-73.45574482792492,0.8915254927003226,50,11,0,0,0,1,1,0,0,0,0,1,3,3,0,0,0,0,0,0,0,0,0,0,0,0,0,0,0,0,0,0,0,0,0,0,0
-88.68794109054257,0.987185568995091,73,6,0,0,0,4,2,0,0,0,0,0,1,1,1,1,0,0,0,0,0,0,0,0,0,0,0,0,0,0,0,0,0,0,0,0,0
-88.38444806450863,0.5542000182520036,35,13,0,0,0,1,2,0,0,0,0,3,1,3,0,0,0,0,0,0,0,0,0,0,0,0,0,0,0,0,0,0,0,0,0,0,0
-84.22656565588275,0.4272456373291029,52,6,0,0,0,0,2,1,0,0,0,0,3,1,2,2,0,0,0,0,0,0,0,0,0,0,0,0,0,0,0,0,0,0,0,0,0
-47.808819380801815,0.2971871380092367,66,7,0,0,0,2,2,1,0,0,0,0,3,2,1,2,0,0,0,0,0,0,0,0,0,0,0,0,0,0,0,0,0,0,0,0,0
-47.08739786056701,0.873299186816794,76,4,0,0,0,4,1,3,0,0,0,2,2,1,1,1,0,0,0,0,0,0,0,0,0,0,0,0,0,0,0,0,0,0,0,0,0
-55.314737449999114,0.862880485117589,50,9,0,0,0,3,0,1,0,0,0,2,0,1,2,2,0,0,0,0,0,0,0,0,0,0,0,0,0,0,0,0,0,0,0,0,0
-42.59769200435767,0.9667893744095096,52,14,0,0,0,0,1,1,0,0,0,0,2,0,2,2,0,0,0,0,0,0,0,0,0,0,0,0,0,0,0,0,0,0,0,0,0
-44.693894546593995,0.5242453366065294,33,3,0,0,0,4,2,2,0,0,0,0,2,1,2,1,0,0,0,0,0,0,0,0,0,0,0,0,0,0,0,0,0,0,0,0,0
-68.06905483903459,0.5254535162055197,57,4,0,0,0,0,2,0,0,0,0,0,2,2,3,2,0,0,0,0,0,0,0,0,0,0,0,0,0,0,0,0,0,0,0,0,0
-61.644041237060264,0.14390312834757482,31,10,0,0,0,0,2,0,0,0,0,0,2,2,1,0,0,0,0,0,0,0,0,0,0,0,0,0,0,0,0,0,0,0,0,0,0
-86.11031403197035,0.2765588412283142,21,7,0,0,0,5,1,0,0,0,0,2,1,0,2,0,0,0,0,0,0,0,0,0,0,0,0,0,0,0,0,0,0,0,0,0,0
-73.14144082250696,0.568510041835093,39,10,0,0,0,5,3,3,0,0,0,3,2,0,2,2,0,0,0,0,0,0,0,0,0,0,0,0,0,0,0,0,0,0,0,0,0
-41.37697554646694,0.44957893948528294,35,7,0,0,0,4,1,1,0,0,0,0,3,2,3,2,0,0,0,0,0,0,0,0,0,0,0,0,0,0,0,0,0,0,0,0,0
-51.31995329302996,0.8231491581640797,20,3,0,0,0,3,0,0,0,0,0,0,3,3,2,1,0,0,0,0,0,0,0,0,0,0,0,0,0,0,0,0,0,0,0,0,0
-40.737469447300775,0.40101318668768604,40,6,0,0,0,2,0,1,0,0,0,0,2,0,2,0,0,0,0,0,0,0,0,0,0,0,0,0,0,0,0,0,0,0,0,0,0
-45.994411652837236,0.3798922342048756,75,7,0,0,0,3,1,1,0,0,0,0,1,3,1,2,0,0,0,0,0,0,0,0,0,0,0,0,0,0,0,0,0,0,0,0,0
-50.96083484819268,0.560273035566348,27,11,0,0,0,0,2,0,0,0,0,0,0,3,3,0,0,0,0,0,0,0,0,0,0,0,0,0,0,0,0,0,0,0,0,0,0
-55.70251894873522,0.2672294150847641,59,10,0,0,0,5,2,3,0,0,0,3,1,3,0,0,0,0,0,0,0,0,0,0,0,0,0,0,0,0,0,0,0,0,0,0,0
-60.95485298695804,0.5724613148160671,59,5,0,0,0,1,0,3,0,0,0,0,3,2,1,0,0,0,0,0,0,0,0,0,0,0,0,0,0,0,0,0,0,0,0,0,0
-62.98782334913086,0.336928724650928,69,10,0,0,0,2,0,1,0,0,0,0,0,2,3,2,0,0,0,0,0,0,0,0,0,0,0,0,0,0,0,0,0,0,0,0,0
-40.26267118168071,0.5365056869257219,32,8,0,0,0,1,0,1,0,0,0,3,1,3,3,0,0,0,0,0,0,0,0,0,0,0,0,0,0,0,0,0,0,0,0,0,0
-71.77331237446127,0.6123124266040244,48,3,0,0,0,4,0,0,0,0,0,2,0,1,2,0,0,0,0,0,0,0,0,0,0,0,0,0,0,0,0,0,0,0,0,0,0
-81.38976559037606,0.636885404763549,30,9,0,0,0,2,0,2,0,0,0,1,0,2,1,1,0,0,0,0,0,0,0,0,0,0,0,0,0,0,0,0,0,0,0,0,0
-52.23686397406478,0.9739691028769184,66,13,0,0,0,4,1,2,0,0,0,3,1,3,1,0,0,0,0,0,0,0,0,0,0,0,0,0,0,0,0,0,0,0,0,0,0
-79.47405420170553,0.8004922397743193,34,15,0,0,0,5,2,3,0,0,0,2,0,3,3,0,0,0,0,0,0,0,0,0,0,0,0,0,0,0,0,0,0,0,0,0,0
-62.46651030694587,0.408181897301212,56,7,0,0,0,1,0,2,0,0,0,0,2,1,2,1,0,0,0,0,0,0,0,0,0,0,0,0,0,0,0,0,0,0,0,0,0
-87.20997371358989,0.35347885458959805,35,3,0,0,0,4,2,3,0,0,0,3,1,0,3,1,0,0,0,0,0,0,0,0,0,0,0,0,0,0,0,0,0,0,0,0,0
-59.503887696784474,0.36750971927152853,69,9,0,0,0,2,0,0,0,0,0,0,2,1,1,2,0,0,0,0,0,0,0,0,0,0,0,0,0,0,0,0,0,0,0,0,0
-52.64192702392879,0.6696702662589306,30,11,0,0,0,0,0,1,0,0,0,2,2,2,0,1,0,0,0,0,0,0,0,0,0,0,0,0,0,0,0,0,0,0,0,0,0
-73.0710294863922,0.5053756621078442,71,8,0,0,0,2,0,1,0,0,0,3,1,1,1,0,0,0,0,0,0,0,0,0,0,0,0,0,0,0,0,0,0,0,0,0,0
-84.3850230875904,0.6196255344647343,67,15,0,0,0,5,3,0,0,0,0,3,1,2,3,0,0,0,0,0,0,0,0,0,0,0,0,0,0,0,0,0,0,0,0,0,0
-71.00312919684967,0.978753932485453,52,11,0,0,0,1,3,1,0,0,0,0,2,1,1,2,0,0,0,0,0,0,0,0,0,0,0,0,0,0,0,0,0,0,0,0,0
-78.59037586831997,0.4768297347482502,43,6,0,0,0,0,2,0,0,0,0,2,0,3,2,1,0,0,0,0,0,0,0,0,0,0,0,0,0,0,0,0,0,0,0,0,0
-59.95730850166565,0.7833645959927007,78,9,0,0,0,2,2,0,0,0,0,2,2,1,3,2,0,0,0,0,0,0,0,0,0,0,0,0,0,0,0,0,0,0,0,0,0
-52.27283546396322,0.7926925548695809,33,3,0,0,0,2,2,2,0,0,0,2,1,3,2,2,0,0,0,0,0,0,0,0,0,0,0,0,0,0,0,0,0,0,0,0,0
-64.05721748900851,0.6336681122654849,29,11,0,0,0,2,0,0,0,0,0,3,3,1,0,2,0,0,0,0,0,0,0,0,0,0,0,0,0,0,0,0,0,0,0,0,0
-84.45861225561136,0.6291649074747768,44,14,0,0,0,1,1,1,0,0,0,1,3,3,0,0,0,0,0,0,0,0,0,0,0,0,0,0,0,0,0,0,0,0,0,0,0
-79.48792888765377,0.14894263894319135,49,7,0,0,0,1,2,2,0,0,0,1,2,3,0,0,0,0,0,0,0,0,0,0,0,0,0,0,0,0,0,0,0,0,0,0,0
-66.03566253674968,0.438715452927919,29,5,0,0,0,1,3,1,0,0,0,2,1,0,3,2,0,0,0,0,0,0,0,0,0,0,0,0,0,0,0,0,0,0,0,0,0
-65.50684076861774,0.810409300819413,54,9,0,0,0,4,0,1,0,0,0,3,1,2,0,2,0,0,0,0,0,0,0,0,0,0,0,0,0,0,0,0,0,0,0,0,0
-76.89363226329539,0.4244776504581508,66,7,0,0,0,4,3,1,0,0,0,0,2,0,3,1,0,0,0,0,0,0,0,0,0,0,0,0,0,0,0,0,0,0,0,0,0
-89.91484540757733,0.3171320000092115,25,12,0,0,0,1,1,2,0,0,0,3,1,1,1,1,0,0,0,0,0,0,0,0,0,0,0,0,0,0,0,0,0,0,0,0,0
-50.103350033526496,0.13278120559965345,45,14,0,0,0,0,2,0,0,0,0,3,3,2,3,2,0,0,0,0,0,0,0,0,0,0,0,0,0,0,0,0,0,0,0,0,0
-65.2479660572736,0.18436915197846868,77,13,0,0,0,3,2,1,0,0,0,1,0,3,3,2,0,0,0,0,0,0,0,0,0,0,0,0,0,0,0,0,0,0,0,0,0
-72.1390657117739,0.8181758033177081,51,5,0,0,0,4,0,3,0,0,0,2,2,2,0,0,0,0,0,0,0,0,0,0,0,0,0,0,0,0,0,0,0,0,0,0,0
-84.35695303846286,0.1754454137484115,62,13,0,0,0,4,1,0,0,0,0,0,3,1,0,1,0,0,0,0,0,0,0,0,0,0,0,0,0,0,0,0,0,0,0,0,0
-46.85650439308011,0.17839151218037147,31,7,0,0,0,1,0,2,0,0,0,1,0,0,1,0,0,0,0,0,0,0,0,0,0,0,0,0,0,0,0,0,0,0,0,0,0
-66.38859930181741,0.9994917254545731,76,11,0,0,0,2,2,1,0,0,0,2,0,1,0,2,0,0,0,0,0,0,0,0,0,0,0,0,0,0,0,0,0,0,0,0,0
-72.3034500838279,0.187865763381115,45,13,0,0,0,1,2,3,0,0,0,1,3,0,0,0,0,0,0,0,0,0,0,0,0,0,0,0,0,0,0,0,0,0,0,0,0
-65.48513568446798,0.17613139454284915,47,14,0,0,0,0,3,2,0,0,0,2,1,1,0,0,0,0,0,0,0,0,0,0,0,0,0,0,0,0,0,0,0,0,0,0,0
-42.4689297523648,0.7587455212928609,44,12,0,0,0,0,3,2,0,0,0,2,1,2,0,0,0,0,0,0,0,0,0,0,0,0,0,0,0,0,0,0,0,0,0,0,0
-67.01496182805593,0.851646432963444,78,13,0,0,0,5,1,3,0,0,0,0,1,1,2,2,0,0,0,0,0,0,0,0,0,0,0,0,0,0,0,0,0,0,0,0,0
-70.44229203876901,0.946359467810322,59,13,0,0,0,4,3,0,0,0,0,1,0,1,1,2,0,0,0,0,0,0,0,0,0,0,0,0,0,0,0,0,0,0,0,0,0
-66.76375494471708,0.4047300093852866,35,12,0,0,0,1,2,3,0,0,0,1,3,2,1,0,0,0,0,0,0,0,0,0,0,0,0,0,0,0,0,0,0,0,0,0,0
-53.37096030191351,0.14023099924933946,58,8,0,0,0,1,1,2,0,0,0,2,2,1,3,0,0,0,0,0,0,0,0,0,0,0,0,0,0,0,0,0,0,0,0,0,0
-49.526628974564375,0.30551188971808285,50,15,0,0,0,0,0,2,0,0,0,0,0,1,3,1,0,0,0,0,0,0,0,0,0,0,0,0,0,0,0,0,0,0,0,0,0
-68.16085031101271,0.6724682026693884,29,13,0,0,0,4,0,2,0,0,0,2,2,3,2,1,0,0,0,0,0,0,0,0,0,0,0,0,0,0,0,0,0,0,0,0,0
-48.642307609035896,0.8447892579612891,44,5,0,0,0,3,3,3,0,0,0,2,3,0,0,1,0,0,0,0,0,0,0,0,0,0,0,0,0,0,0,0,0,0,0,0,0
-75.53608428075165,0.2872827375153244,76,13,0,0,0,5,0,3,0,0,0,1,1,3,2,0,0,0,0,0,0,0,0,0,0,0,0,0,0,0,0,0,0,0,0,0,0
-42.08837070927255,0.7633866272062317,36,13,0,0,0,0,3,0,0,0,0,3,1,2,1,0,0,0,0,0,0,0,0,0,0,0,0,0,0,0,0,0,0,0,0,0,0
-71.3754258768607,0.8599241791104931,55,4,0,0,0,3,2,2,0,0,0,1,0,0,0,1,0,0,0,0,0,0,0,0,0,0,0,0,0,0,0,0,0,0,0,0,0
-47.02213046847251,0.9963359046822048,51,8,0,0,0,1,0,0,0,0,0,1,1,1,3,2,0,0,0,0,0,0,0,0,0,0,0,0,0,0,0,0,0,0,0,0,0
-42.805916432543285,0.17472002211939364,54,7,0,0,0,3,3,2,0,0,0,1,2,0,0,0,0,0,0,0,0,0,0,0,0,0,0,0,0,0,0,0,0,0,0,0,0
-57.76429942146126,0.3511549204926342,61,12,0,0,0,1,3,2,0,0,0,2,3,3,0,0,0,0,0,0,0,0,0,0,0,0,0,0,0,0,0,0,0,0,0,0,0
-56.09865343767958,0.1654111707225168,33,4,0,0,0,0,1,1,0,0,0,0,0,0,3,0,0,0,0,0,0,0,0,0,0,0,0,0,0,0,0,0,0,0,0,0,0
-76.27596526774927,0.985433507707283,24,14,0,0,0,1,1,1,0,0,0,0,1,2,0,0,0,0,0,0,0,0,0,0,0,0,0,0,0,0,0,0,0,0,0,0,0
-61.95099233246768,0.12874023119166145,68,13,0,0,0,2,2,2,0,0,0,3,3,0,2,1,0,0,0,0,0,0,0,0,0,0,0,0,0,0,0,0,0,0,0,0,0
-86.04170215798314,0.33451625755263725,55,11,0,0,0,5,2,1,0,0,0,0,3,2,1,1,0,0,0,0,0,0,0,0,0,0,0,0,0,0,0,0,0,0,0,0,0
-42.47827663725666,0.6942588829458435,45,15,0,0,0,2,3,2,0,0,0,0,3,3,1,2,0,0,0,0,0,0,0,0,0,0,0,0,0,0,0,0,0,0,0,0,0
-56.69801510056836,0.75971758460597,66,5,0,0,0,4,0,0,0,0,0,1,3,1,2,0,0,0,0,0,0,0,0,0,0,0,0,0,0,0,0,0,0,0,0,0,0
-46.10829306269207,0.8483705352409249,70,6,0,0,0,1,2,1,0,0,0,0,1,2,1,2,0,0,0,0,0,0,0,0,0,0,0,0,0,0,0,0,0,0,0,0,0
-68.34397847356487,0.5899453789626089,58,7,0,0,0,4,2,3,0,0,0,0,0,3,1,0,0,0,0,0,0,0,0,0,0,0,0,0,0,0,0,0,0,0,0,0,0
-74.06171026162582,0.15418849089534986,76,4,0,0,0,5,2,0,0,0,0,1,1,1,3,0,0,0,0,0,0,0,0,0,0,0,0,0,0,0,0,0,0,0,0,0,0
-68.7435096701714,0.6400164942701007,23,13,0,0,0,1,0,3,0,0,0,3,0,2,3,1,0,0,0,0,0,0,0,0,0,0,0,0,0,0,0,0,0,0,0,0,0
-80.66763812082306,0.7039113411534763,55,4,0,0,0,1,1,2,0,0,0,3,1,3,2,2,0,0,0,0,0,0,0,0,0,0,0,0,0,0,0,0,0,0,0,0,0
-63.77402061294316,0.7717866789578355,26,10,0,0,0,3,0,2,0,0,0,0,3,2,0,0,0,0,0,0,0,0,0,0,0,0,0,0,0,0,0,0,0,0,0,0,0
-85.05250110572632,0.22884139362338435,31,4,0,0,0,1,2,0,0,0,0,2,2,3,1,2,0,0,0,0,0,0,0,0,0,0,0,0,0,0,0,0,0,0,0,0,0
-59.4770042038673,0.5288747010246387,34,4,0,0,0,3,2,3,0,0,0,0,2,0,1,2,0,0,0,0,0,0,0,0,0,0,0,0,0,0,0,0,0,0,0,0,0
-57.58530571970049,0.25833233677704404,26,9,0,0,0,0,3,1,0,0,0,1,3,0,2,2,0,0,0,0,0,0,0,0,0,0,0,0,0,0,0,0,0,0,0,0,0
-59.779811402687564,0.9786129153015474,47,10,0,0,0,5,2,1,0,0,0,0,2,2,2,2,0,0,0,0,0,0,0,0,0,0,0,0,0,0,0,0,0,0,0,0,0
-49.271307880330724,0.7374316742656654,64,11,0,0,0,1,3,1,0,0,0,3,3,1,1,1,0,0,0,0,0,0,0,0,0,0,0,0,0,0,0,0,0,0,0,0,0
-57.39854078970774,0.4885354502042002,45,14,0,0,0,0,3,0,0,0,0,1,1,0,2,2,0,0,0,0,0,0,0,0,0,0,0,0,0,0,0,0,0,0,0,0,0
-47.707398711395705,0.7192838276443043,80,9,0,0,0,4,2,2,0,0,0,3,1,2,1,2,0,0,0,0,0,0,0,0,0,0,0,0,0,0,0,0,0,0,0,0,0
-40.67706950443308,0.20236464309686591,22,14,0,0,0,5,3,0,0,0,0,3,0,1,1,1,0,0,0,0,0,0,0,0,0,0,0,0,0,0,0,0,0,0,0,0,0
-54.812524544263155,0.3878818777114422,25,10,0,0,0,5,3,0,0,0,0,2,2,3,1,1,0,0,0,0,0,0,0,0,0,0,0,0,0,0,0,0,0,0,0,0,0
-55.33941969107901,0.2955634945842638,30,12,0,0,0,3,2,1,0,0,0,2,3,3,3,2,0,0,0,0,0,0,0,0,0,0,0,0,0,0,0,0,0,0,0,0,0
-49.76388478773455,0.10871392777637845,20,4,0,0,0,2,1,0,0,0,0,3,0,2,1,0,0,0,0,0,0,0,0,0,0,0,0,0,0,0,0,0,0,0,0,0,0
-64.07996779571515,0.2663819556432801,61,10,0,0,0,4,3,3,0,0,0,0,2,0,1,1,0,0,0,0,0,0,0,0,0,0,0,0,0,0,0,0,0,0,0,0,0
-62.28233202787009,0.32362769640774736,69,8,0,0,0,3,0,2,0,0,0,1,2,0,0,0,0,0,0,0,0,0,0,0,0,0,0,0,0,0,0,0,0,0,0,0,0
-89.23067315729945,0.8037335639937654,43,11,0,0,0,0,1,2,0,0,0,2,3,3,0,1,0,0,0,0,0,0,0,0,0,0,0,0,0,0,0,0,0,0,0,0,0
-40.440221045992054,0.13478266360294455,25,14,0,0,0,0,3,0,0,0,0,1,1,2,1,2,0,0,0,0,0,0,0,0,0,0,0,0,0,0,0,0,0,0,0,0,0
-58.082466801271366,0.15678897159256264,41,6,0,0,0,0,0,0,0,0,0,2,1,0,3,0,0,0,0,0,0,0,0,0,0,0,0,0,0,0,0,0,0,0,0,0,0
-65.79377576992907,0.45548252562005365,49,5,0,0,0,0,2,1,0,0,0,1,0,0,0,0,0,0,0,0,0,0,0,0,0,0,0,0,0,0,0,0,0,0,0,0,0
-58.307986326467784,0.17134257442333717,63,14,0,0,0,5,3,1,0,0,0,3,3,0,2,2,0,0,0,0,0,0,0,0,0,0,0,0,0,0,0,0,0,0,0,0,0
-77.81538718425384,0.5654337300290979,57,14,0,0,0,2,3,0,0,0,0,2,0,2,2,0,0,0,0,0,0,0,0,0,0,0,0,0,0,0,0,0,0,0,0,0,0
-49.29732420669123,0.15992365258960334,52,7,0,0,0,0,1,0,0,0,0,2,3,0,0,1,0,0,0,0,0,0,0,0,0,0,0,0,0,0,0,0,0,0,0,0,0
-45.56462280406881,0.9158265130119227,58,3,0,0,0,2,2,1,0,0,0,1,2,1,3,2,0,0,0,0,0,0,0,0,0,0,0,0,0,0,0,0,0,0,0,0,0
-74.53393625052067,0.27775025407812365,56,15,0,0,0,5,0,2,0,0,0,1,3,0,1,2,0,0,0,0,0,0,0,0,0,0,0,0,0,0,0,0,0,0,0,0,0
-89.78456483613799,0.9007212721044403,77,10,0,0,0,1,3,2,0,0,0,0,0,1,0,2,0,0,0,0,0,0,0,0,0,0,0,0,0,0,0,0,0,0,0,0,0
-69.94963383964073,0.8261455420023462,33,3,0,0,0,2,1,1,0,0,0,0,3,0,3,1,0,0,0,0,0,0,0,0,0,0,0,0,0,0,0,0,0,0,0,0,0
-67.70990259653784,0.9280263345799139,29,9,0,0,0,4,2,0,0,0,0,1,2,0,1,0,0,0,0,0,0,0,0,0,0,0,0,0,0,0,0,0,0,0,0,0,0
-67.49947945817942,0.6852555307045975,56,14,0,0,0,4,2,0,0,0,0,2,3,1,0,1,0,0,0,0,0,0,0,0,0,0,0,0,0,0,0,0,0,0,0,0,0
-56.030184365428354,0.1323795988213448,58,7,0,0,0,5,3,3,0,0,0,0,0,1,0,2,0,0,0,0,0,0,0,0,0,0,0,0,0,0,0,0,0,0,0,0,0
-57.298794006589475,0.5901785776994354,50,8,0,0,0,0,1,1,0,0,0,1,3,2,3,1,0,0,0,0,0,0,0,0,0,0,0,0,0,0,0,0,0,0,0,0,0
-88.36944778705973,0.6265221037741804,55,6,0,0,0,4,3,3,0,0,0,2,1,0,0,0,0,0,0,0,0,0,0,0,0,0,0,0,0,0,0,0,0,0,0,0,0
-68.09659767789101,0.16928853699114516,27,8,0,0,0,0,2,3,0,0,0,2,3,2,2,2,0,0,0,0,0,0,0,0,0,0,0,0,0,0,0,0,0,0,0,0,0
-83.54965367574508,0.6479800247340358,76,3,0,0,0,2,2,0,0,0,0,3,1,1,2,2,0,0,0,0,0,0,0,0,0,0,0,0,0,0,0,0,0,0,0,0,0
-72.39050162784848,0.2676289889655892,22,9,0,0,0,1,1,3,0,0,0,3,2,0,0,1,0,0,0,0,0,0,0,0,0,0,0,0,0,0,0,0,0,0,0,0,0
-61.34452138848807,0.8580650892498185,61,15,0,0,0,1,2,0,0,0,0,2,0,1,0,2,0,0,0,0,0,0,0,0,0,0,0,0,0,0,0,0,0,0,0,0,0
-72.10488400416276,0.3893123564843275,43,10,0,0,0,4,2,1,0,0,0,0,0,2,3,1,0,0,0,0,0,0,0,0,0,0,0,0,0,0,0,0,0,0,0,0,0
-46.39571717337649,0.6078953096609991,45,8,0,0,0,5,1,3,0,0,0,1,0,1,0,2,0,0,0,0,0,0,0,0,0,0,0,0,0,0,0,0,0,0,0,0,0
-45.73621506725041,0.2766805954110494,33,8,0,0,0,0,3,0,0,0,0,1,3,1,3,0,0,0,0,0,0,0,0,0,0,0,0,0,0,0,0,0,0,0,0,0,0
-47.9866776755683,0.5458597182481977,37,13,0,0,0,5,0,0,0,0,0,2,0,1,1,0,0,0,0,0,0,0,0,0,0,0,0,0,0,0,0,0,0,0,0,0,0
-55.20016606673663,0.2203905942274509,40,13,0,0,0,0,0,3,0,0,0,2,0,2,3,2,0,0,0,0,0,0,0,0,0,0,0,0,0,0,0,0,0,0,0,0,0
-47.978516456227005,0.6158922006460156,40,3,0,0,0,2,3,1,0,0,0,0,1,0,2,1,0,0,0,0,0,0,0,0,0,0,0,0,0,0,0,0,0,0,0,0,0
-47.00336617654534,0.7298211427231728,75,5,0,0,0,1,1,1,0,0,0,1,3,2,3,2,0,0,0,0,0,0,0,0,0,0,0,0,0,0,0,0,0,0,0,0,0
-67.62061722829907,0.7255593418714879,31,7,0,0,0,3,2,2,0,0,0,2,1,3,1,1,0,0,0,0,0,0,0,0,0,0,0,0,0,0,0,0,0,0,0,0,0
-69.25956873338868,0.2753789023128154,63,8,0,0,0,2,1,3,0,0,0,3,0,2,2,2,0,0,0,0,0,0,0,0,0,0,0,0,0,0,0,0,0,0,0,0,0
-44.230791261795176,0.60589378887612,75,7,0,0,0,3,2,2,0,0,0,3,2,0,3,2,0,0,0,0,0,0,0,0,0,0,0,0,0,0,0,0,0,0,0,0,0
-44.67248437884516,0.7749867296028183,29,9,0,0,0,3,2,3,0,0,0,0,3,3,1,1,0,0,0,0,0,0,0,0,0,0,0,0,0,0,0,0,0,0,0,0,0
-65.6674105347727,0.755149923472429,47,15,0,0,0,1,1,3,0,0,0,3,0,2,0,2,0,0,0,0,0,0,0,0,0,0,0,0,0,0,0,0,0,0,0,0,0
-42.884056180015634,0.8192788973929749,65,7,0,0,0,5,1,0,0,0,0,0,2,0,2,0,0,0,0,0,0,0,0,0,0,0,0,0,0,0,0,0,0,0,0,0,0
-84.43905647862664,0.6960335476322007,68,6,0,0,0,1,3,3,0,0,0,3,0,3,3,2,0,0,0,0,0,0,0,0,0,0,0,0,0,0,0,0,0,0,0,0,0
-69.58183606517038,0.6500063735284527,30,6,0,0,0,2,3,3,0,0,0,2,1,0,2,0,0,0,0,0,0,0,0,0,0,0,0,0,0,0,0,0,0,0,0,0,0
-54.56270059701233,0.6842123438742106,39,10,0,0,0,5,1,3,0,0,0,2,1,2,0,0,0,0,0,0,0,0,0,0,0,0,0,0,0,0,0,0,0,0,0,0,0
-58.53174721514847,0.3105573137995217,63,6,0,0,0,3,1,3,0,0,0,1,2,3,3,0,0,0,0,0,0,0,0,0,0,0,0,0,0,0,0,0,0,0,0,0,0
-64.02037332795427,0.30430049599203224,27,6,0,0,0,4,1,3,0,0,0,3,2,3,2,0,0,0,0,0,0,0,0,0,0,0,0,0,0,0,0,0,0,0,0,0,0
-59.77729830560967,0.42894389876666994,75,10,0,0,0,1,0,1,0,0,0,0,0,3,2,1,0,0,0,0,0,0,0,0,0,0,0,0,0,0,0,0,0,0,0,0,0
-60.876651189306074,0.33520879161942807,29,5,0,0,0,0,2,1,0,0,0,3,2,1,1,0,0,0,0,0,0,0,0,0,0,0,0,0,0,0,0,0,0,0,0,0,0
-44.83515181468801,0.4816233601646811,40,7,0,0,0,3,3,2,0,0,0,3,2,0,2,2,0,0,0,0,0,0,0,0,0,0,0,0,0,0,0,0,0,0,0,0,0
-42.97241622212351,0.2705069062692463,80,6,0,0,0,0,0,3,0,0,0,2,3,2,0,0,0,0,0,0,0,0,0,0,0,0,0,0,0,0,0,0,0,0,0,0,0
-48.906582033175056,0.23324483581873534,39,5,0,0,0,1,0,0,0,0,0,3,1,0,3,1,0,0,0,0,0,0,0,0,0,0,0,0,0,0,0,0,0,0,0,0,0
-40.32812794717683,0.21097569352354362,32,12,0,0,0,3,1,0,0,0,0,2,1,1,0,2,0,0,0,0,0,0,0,0,0,0,0,0,0,0,0,0,0,0,0,0,0
-88.36976764948646,0.25687582461070896,54,6,0,0,0,1,2,1,0,0,0,0,3,1,2,2,0,0,0,0,0,0,0,0,0,0,0,0,0,0,0,0,0,0,0,0,0
-52.597877922653474,0.9126891661872701,58,6,0,0,0,4,1,3,0,0,0,1,2,2,2,2,0,0,0,0,0,0,0,0,0,0,0,0,0,0,0,0,0,0,0,0,0
-64.31555367967044,0.9430818536312522,28,4,0,0,0,1,1,1,0,0,0,2,2,3,3,1,0,0,0,0,0,0,0,0,0,0,0,0,0,0,0,0,0,0,0,0,0
-44.790789620043036,0.17140533589168863,68,5,0,0,0,2,0,3,0,0,0,1,0,0,2,1,0,0,0,0,0,0,0,0,0,0,0,0,0,0,0,0,0,0,0,0,0
-40.16252829726244,0.14114351361343855,63,4,0,0,0,4,0,3,0,0,0,3,3,1,1,0,0,0,0,0,0,0,0,0,0,0,0,0,0,0,0,0,0,0,0,0,0
-68.86517042508865,0.9993293933527544,32,5,0,0,0,4,1,1,0,0,0,1,2,3,0,1,0,0,0,0,0,0,0,0,0,0,0,0,0,0,0,0,0,0,0,0,0
-51.427422047537576,0.5689178883459154,26,13,0,0,0,0,0,1,0,0,0,1,3,1,0,1,0,0,0,0,0,0,0,0,0,0,0,0,0,0,0,0,0,0,0,0,0
-66.1372578039849,0.7804974206594337,80,10,0,0,0,1,1,3,0,0,0,1,0,0,2,1,0,0,0,0,0,0,0,0,0,0,0,0,0,0,0,0,0,0,0,0,0
-89.97438326323895,0.2848149210754765,64,14,0,0,0,1,2,3,0,0,0,0,1,3,3,0,0,0,0,0,0,0,0,0,0,0,0,0,0,0,0,0,0,0,0,0,0
-60.95608290707479,0.3865327416521783,57,13,0,0,0,0,0,1,0,0,0,1,0,0,1,2,0,0,0,0,0,0,0,0,0,0,0,0,0,0,0,0,0,0,0,0,0
-82.33730578590038,0.3527041658388691,41,4,0,0,0,1,0,3,0,0,0,2,2,1,3,1,0,0,0,0,0,0,0,0,0,0,0,0,0,0,0,0,0,0,0,0,0
-80.09779056442765,0.26707663509195323,25,3,0,0,0,1,1,0,0,0,0,0,0,1,3,1,0,0,0,0,0,0,0,0,0,0,0,0,0,0,0,0,0,0,0,0,0
-42.31877962672952,0.21685476820173538,73,13,0,0,0,1,1,1,0,0,0,3,1,3,3,0,0,0,0,0,0,0,0,0,0,0,0,0,0,0,0,0,0,0,0,0,0
-66.50061202017052,0.553167087972608,70,4,0,0,0,3,3,1,0,0,0,0,3,1,0,1,0,0,0,0,0,0,0,0,0,0,0,0,0,0,0,0,0,0,0,0,0
-89.70373470810847,0.7654870058553424,48,13,0,0,0,4,2,2,0,0,0,1,1,2,1,0,0,0,0,0,0,0,0,0,0,0,0,0,0,0,0,0,0,0,0,0,0
-80.91664937519413,0.6963124479910895,72,3,0,0,0,2,2,2,0,0,0,0,2,0,0,1,0,0,0,0,0,0,0,0,0,0,0,0,0,0,0,0,0,0,0,0,0
-51.4276573814702,0.6570364913668185,23,11,0,0,0,0,2,1,0,0,0,1,0,1,2,2,0,0,0,0,0,0,0,0,0,0,0,0,0,0,0,0,0,0,0,0,0
-41.79886329398345,0.11779307009392433,34,14,0,0,0,3,3,0,0,0,0,0,0,1,1,2,0,0,0,0,0,0,0,0,0,0,0,0,0,0,0,0,0,0,0,0,0
-87.93855264430576,0.23803038879871083,62,10,0,0,0,2,3,3,0,0,0,0,2,0,1,1,0,0,0,0,0,0,0,0,0,0,0,0,0,0,0,0,0,0,0,0,0
-70.8880436938632,0.7885772932396524,39,7,0,0,0,3,1,1,0,0,0,0,3,0,2,2,0,0,0,0,0,0,0,0,0,0,0,0,0,0,0,0,0,0,0,0,0
-59.29023212908496,0.6142921253570839,52,8,0,0,0,2,0,3,0,0,0,1,2,0,2,0,0,0,0,0,0,0,0,0,0,0,0,0,0,0,0,0,0,0,0,0,0
-47.10178784485079,0.7048967376700894,20,7,0,0,0,1,2,1,0,0,0,2,2,2,2,2,0,0,0,0,0,0,0,0,0,0,0,0,0,0,0,0,0,0,0,0,0
-63.588238476614464,0.7074458909365028,21,6,0,0,0,1,3,1,0,0,0,0,2,2,3,0,0,0,0,0,0,0,0,0,0,0,0,0,0,0,0,0,0,0,0,0,0
-83.62229732877327,0.21916664617380938,79,5,0,0,0,5,0,1,0,0,0,0,1,2,3,2,0,0,0,0,0,0,0,0,0,0,0,0,0,0,0,0,0,0,0,0,0
-62.35936478237167,0.7512395133964261,25,5,0,0,0,5,1,0,0,0,0,3,3,2,2,1,0,0,0,0,0,0,0,0,0,0,0,0,0,0,0,0,0,0,0,0,0
-56.01001918942694,0.9747384118027353,21,3,0,0,0,2,1,2,0,0,0,1,3,1,1,1,0,0,0,0,0,0,0,0,0,0,0,0,0,0,0,0,0,0,0,0,0
-60.30552734497583,0.691986296303407,29,7,0,0,0,2,1,3,0,0,0,1,3,1,0,2,0,0,0,0,0,0,0,0,0,0,0,0,0,0,0,0,0,0,0,0,0
-66.35134934029244,0.40535307287300026,57,6,0,0,0,1,2,0,0,0,0,3,2,2,2,0,0,0,0,0,0,0,0,0,0,0,0,0,0,0,0,0,0,0,0,0,0
-62.89367360597875,0.4176944284310695,29,5,0,0,0,3,2,2,0,0,0,2,2,1,3,2,0,0,0,0,0,0,0,0,0,0,0,0,0,0,0,0,0,0,0,0,0
-61.357722363726836,0.9149960464994664,39,10,0,0,0,4,3,0,0,0,0,0,2,0,3,2,0,0,0,0,0,0,0,0,0,0,0,0,0,0,0,0,0,0,0,0,0
-76.70107684442394,0.7856193194879643,61,9,0,0,0,4,0,2,0,0,0,0,1,1,3,0,0,0,0,0,0,0,0,0,0,0,0,0,0,0,0,0,0,0,0,0,0
-66.0652930455629,0.42912285260106586,61,11,0,0,0,1,1,1,0,0,0,0,0,3,3,0,0,0,0,0,0,0,0,0,0,0,0,0,0,0,0,0,0,0,0,0,0
-65.89930140736551,0.5201470266368429,50,3,0,0,0,2,1,3,0,0,0,2,3,3,2,0,0,0,0,0,0,0,0,0,0,0,0,0,0,0,0,0,0,0,0,0,0
-44.55170772435075,0.13774277882209887,39,6,0,0,0,3,0,2,0,0,0,0,1,2,3,2,0,0,0,0,0,0,0,0,0,0,0,0,0,0,0,0,0,0,0,0,0
-86.05308752780466,0.6025406140365999,61,9,0,0,0,0,2,3,0,0,0,3,3,2,0,2,0,0,0,0,0,0,0,0,0,0,0,0,0,0,0,0,0,0,0,0,0
-41.61455371499221,0.7114922721331756,39,13,0,0,0,2,2,3,0,0,0,3,1,3,0,0,0,0,0,0,0,0,0,0,0,0,0,0,0,0,0,0,0,0,0,0,0
-55.726002048412894,0.47321433166431714,28,11,0,0,0,1,3,0,0,0,0,3,2,3,1,1,0,0,0,0,0,0,0,0,0,0,0,0,0,0,0,0,0,0,0,0,0
-48.60114061606466,0.17332626956377228,22,3,0,0,0,5,0,1,0,0,0,0,2,1,1,1,0,0,0,0,0,0,0,0,0,0,0,0,0,0,0,0,0,0,0,0,0
-61.1988877928779,0.2588478844181352,40,12,0,0,0,2,0,1,0,0,0,2,0,3,3,1,0,0,0,0,0,0,0,0,0,0,0,0,0,0,0,0,0,0,0,0,0
-80.3904276365488,0.7128762670590123,67,5,0,0,0,4,0,0,0,0,0,2,1,0,2,2,0,0,0,0,0,0,0,0,0,0,0,0,0,0,0,0,0,0,0,0,0
-85.32559099025544,0.16578917141009347,54,5,0,0,0,3,1,3,0,0,0,0,2,0,0,1,0,0,0,0,0,0,0,0,0,0,0,0,0,0,0,0,0,0,0,0,0
-45.13852958155636,0.12224364152679902,66,11,0,0,0,0,1,1,0,0,0,3,1,0,0,1,0,0,0,0,0,0,0,0,0,0,0,0,0,0,0,0,0,0,0,0,0
-86.23774630233756,0.9234243318866566,69,13,0,0,0,5,2,0,0,0,0,0,0,2,2,0,0,0,0,0,0,0,0,0,0,0,0,0,0,0,0,0,0,0,0,0,0
-57.36024233116512,0.7417466601827983,31,3,0,0,0,0,3,2,0,0,0,1,2,3,3,0,0,0,0,0,0,0,0,0,0,0,0,0,0,0,0,0,0,0,0,0,0
-76.53264987344568,0.8883484330554715,57,6,0,0,0,4,2,3,0,0,0,3,3,3,3,2,0,0,0,0,0,0,0,0,0,0,0,0,0,0,0,0,0,0,0,0,0
-65.68738211941093,0.8938896268343693,52,13,0,0,0,1,1,1,0,0,0,3,0,3,0,2,0,0,0,0,0,0,0,0,0,0,0,0,0,0,0,0,0,0,0,0,0
-62.75341432327606,0.2739955114043938,32,9,0,0,0,3,2,0,0,0,0,3,2,1,1,2,0,0,0,0,0,0,0,0,0,0,0,0,0,0,0,0,0,0,0,0,0
-55.6326483513365,0.20343466491724582,60,5,0,0,0,5,0,0,0,0,0,3,3,2,1,2,0,0,0,0,0,0,0,0,0,0,0,0,0,0,0,0,0,0,0,0,0
-48.68897961220823,0.7299218235910742,28,9,0,0,0,5,2,1,0,0,0,1,3,1,2,0,0,0,0,0,0,0,0,0,0,0,0,0,0,0,0,0,0,0,0,0,0
-52.405360109609795,0.5315379454367415,37,10,0,0,0,3,3,0,0,0,0,1,2,1,0,2,0,0,0,0,0,0,0,0,0,0,0,0,0,0,0,0,0,0,0,0,0
-58.993063230020894,0.8773261244592142,25,10,0,0,0,1,3,0,0,0,0,0,2,0,0,1,0,0,0,0,0,0,0,0,0,0,0,0,0,0,0,0,0,0,0,0,0
-80.08352095599088,0.5684752221490086,78,14,0,0,0,1,0,0,0,0,0,1,1,2,3,2,0,0,0,0,0,0,0,0,0,0,0,0,0,0,0,0,0,0,0,0,0
-45.74790831265909,0.49282965274514,24,5,0,0,0,1,1,2,0,0,0,0,1,0,1,2,0,0,0,0,0,0,0,0,0,0,0,0,0,0,0,0,0,0,0,0,0
-73.518378391739,0.5588101509625846,47,14,0,0,0,1,3,1,0,0,0,1,1,3,1,0,0,0,0,0,0,0,0,0,0,0,0,0,0,0,0,0,0,0,0,0,0
-43.09031926928039,0.9922656522258818,39,5,0,0,0,1,3,3,0,0,0,3,3,0,2,1,0,0,0,0,0,0,0,0,0,0,0,0,0,0,0,0,0,0,0,0,0
-58.71872050415115,0.333410889267688,73,9,0,0,0,5,3,1,0,0,0,2,2,1,3,1,0,0,0,0,0,0,0,0,0,0,0,0,0,0,0,0,0,0,0,0,0
-40.610113457068536,0.993412620537694,61,12,0,0,0,1,2,0,0,0,0,1,3,0,3,0,0,0,0,0,0,0,0,0,0,0,0,0,0,0,0,0,0,0,0,0,0
-61.622625439257035,0.1732741182890124,41,11,0,0,0,2,1,1,0,0,0,3,2,0,2,0,0,0,0,0,0,0,0,0,0,0,0,0,0,0,0,0,0,0,0,0,0
-73.29266903580616,0.4526842441766754,53,13,0,0,0,1,2,3,0,0,0,1,1,3,1,2,0,0,0,0,0,0,0,0,0,0,0,0,0,0,0,0,0,0,0,0,0
-42.01150463770338,0.7698051262030189,26,5,0,0,0,3,0,1,0,0,0,0,0,0,3,1,0,0,0,0,0,0,0,0,0,0,0,0,0,0,0,0,0,0,0,0,0
-46.28185642411924,0.6675737693496396,33,9,0,0,0,1,3,1,0,0,0,3,2,1,0,1,0,0,0,0,0,0,0,0,0,0,0,0,0,0,0,0,0,0,0,0,0
-40.83324244346491,0.4870737803426527,42,13,0,0,0,0,2,2,0,0,0,2,0,1,0,0,0,0,0,0,0,0,0,0,0,0,0,0,0,0,0,0,0,0,0,0,0
-46.34036082731711,0.5663108156048494,29,6,0,0,0,0,0,3,0,0,0,1,0,0,0,1,0,0,0,0,0,0,0,0,0,0,0,0,0,0,0,0,0,0,0,0,0
-42.1279546796164,0.6946297798628538,29,4,0,0,0,2,1,3,0,0,0,1,1,2,3,1,0,0,0,0,0,0,0,0,0,0,0,0,0,0,0,0,0,0,0,0,0
-40.80663784842379,0.960657387400208,74,9,0,0,0,0,0,1,0,0,0,2,0,2,2,1,0,0,0,0,0,0,0,0,0,0,0,0,0,0,0,0,0,0,0,0,0
-62.164583548697834,0.5836885977465084,35,13,0,0,0,5,1,0,0,0,0,3,1,1,1,0,0,0,0,0,0,0,0,0,0,0,0,0,0,0,0,0,0,0,0,0,0
-68.38511812423134,0.7353181360179134,32,9,0,0,0,0,3,2,0,0,0,0,2,2,1,2,0,0,0,0,0,0,0,0,0,0,0,0,0,0,0,0,0,0,0,0,0
-57.84372296761467,0.4995855099968778,32,15,0,0,0,5,1,2,0,0,0,3,0,2,2,0,0,0,0,0,0,0,0,0,0,0,0,0,0,0,0,0,0,0,0,0,0
-64.80024171197772,0.6719561005823521,69,6,0,0,0,2,3,3,0,0,0,0,1,2,2,2,0,0,0,0,0,0,0,0,0,0,0,0,0,0,0,0,0,0,0,0,0
-53.45159631986144,0.5719024521998509,78,6,0,0,0,0,0,2,0,0,0,2,0,0,3,0,0,0,0,0,0,0,0,0,0,0,0,0,0,0,0,0,0,0,0,0,0
-52.044049424007866,0.9166268433058917,40,9,0,0,0,3,1,2,0,0,0,3,0,0,0,2,0,0,0,0,0,0,0,0,0,0,0,0,0,0,0,0,0,0,0,0,0
-88.84125613733397,0.3455033423637359,69,8,0,0,0,2,3,0,0,0,0,0,3,1,2,1,0,0,0,0,0,0,0,0,0,0,0,0,0,0,0,0,0,0,0,0,0
-42.60418723012123,0.3422006305767078,22,4,0,0,0,5,2,3,0,0,0,1,3,0,3,1,0,0,0,0,0,0,0,0,0,0,0,0,0,0,0,0,0,0,0,0,0
-76.23318666517233,0.161259231191388,42,15,0,0,0,2,1,2,0,0,0,3,2,2,0,0,0,0,0,0,0,0,0,0,0,0,0,0,0,0,0,0,0,0,0,0,0
-63.83869289771133,0.31278550707284125,24,14,0,0,0,3,0,2,0,0,0,3,1,0,3,2,0,0,0,0,0,0,0,0,0,0,0,0,0,0,0,0,0,0,0,0,0
-72.03841461473297,0.8063496565934207,22,15,0,0,0,3,2,3,0,0,0,2,0,1,0,1,0,0,0,0,0,0,0,0,0,0,0,0,0,0,0,0,0,0,0,0,0
-83.48509419066511,0.7790722323695067,20,14,0,0,0,1,1,3,0,0,0,3,2,0,0,0,0,0,0,0,0,0,0,0,0,0,0,0,0,0,0,0,0,0,0,0,0
-40.773626155606024,0.7537703676834813,58,15,0,0,0,1,0,3,0,0,0,3,1,0,2,1,0,0,0,0,0,0,0,0,0,0,0,0,0,0,0,0,0,0,0,0,0
-64.31505622159617,0.9170041582872517,48,3,0,0,0,5,2,3,0,0,0,3,1,3,0,0,0,0,0,0,0,0,0,0,0,0,0,0,0,0,0,0,0,0,0,0,0
-60.057265755938985,0.1606119639770081,50,8,0,0,0,2,3,3,0,0,0,3,1,1,3,0,0,0,0,0,0,0,0,0,0,0,0,0,0,0,0,0,0,0,0,0,0
-54.79664574234445,0.14669297368872908,22,3,0,0,0,0,2,1,0,0,0,2,3,0,2,2,0,0,0,0,0,0,0,0,0,0,0,0,0,0,0,0,0,0,0,0,0
-75.28270526660128,0.7556261795059287,52,6,0,0,0,4,1,3,0,0,0,2,0,1,2,1,0,0,0,0,0,0,0,0,0,0,0,0,0,0,0,0,0,0,0,0,0
-41.899248085792024,0.9994150786522229,43,11,0,0,0,0,1,0,0,0,0,0,1,3,2,1,0,0,0,0,0,0,0,0,0,0,0,0,0,0,0,0,0,0,0,0,0
-43.6780546464695,0.8667405081631273,37,14,0,0,0,4,0,3,0,0,0,2,3,1,2,2,0,0,0,0,0,0,0,0,0,0,0,0,0,0,0,0,0,0,0,0,0
-75.38386833782795,0.7129448690072779,64,12,0,0,0,5,3,0,0,0,0,0,1,3,0,0,0,0,0,0,0,0,0,0,0,0,0,0,0,0,0,0,0,0,0,0,0
-45.34887261941222,0.1453063960929145,52,11,0,0,0,5,2,0,0,0,0,2,0,2,3,0,0,0,0,0,0,0,0,0,0,0,0,0,0,0,0,0,0,0,0,0,0
-86.3514535837602,0.9530320377076706,48,3,0,0,0,0,1,2,0,0,0,1,1,0,2,1,0,0,0,0,0,0,0,0,0,0,0,0,0,0,0,0,0,0,0,0,0
-86.76737634065196,0.634924500889457,62,5,0,0,0,5,0,0,0,0,0,0,0,1,0,1,0,0,0,0,0,0,0,0,0,0,0,0,0,0,0,0,0,0,0,0,0
-77.86200512107104,0.42460880198180173,59,6,0,0,0,2,2,1,0,0,0,3,1,0,3,1,0,0,0,0,0,0,0,0,0,0,0,0,0,0,0,0,0,0,0,0,0
-66.86193186341487,0.7306291713112271,29,13,0,0,0,1,0,0,0,0,0,3,3,3,0,2,0,0,0,0,0,0,0,0,0,0,0,0,0,0,0,0,0,0,0,0,0
-50.84574033005653,0.3026563053381599,23,11,0,0,0,4,1,0,0,0,0,2,0,3,3,0,0,0,0,0,0,0,0,0,0,0,0,0,0,0,0,0,0,0,0,0,0
-41.1909643385099,0.7119141186039023,64,5,0,0,0,3,3,1,0,0,0,2,0,2,0,0,0,0,0,0,0,0,0,0,0,0,0,0,0,0,0,0,0,0,0,0,0
-68.1089455816898,0.4896867036873064,61,15,0,0,0,2,0,3,0,0,0,2,3,1,2,1,0,0,0,0,0,0,0,0,0,0,0,0,0,0,0,0,0,0,0,0,0
-61.78775410652749,0.23722664102623603,58,3,0,0,0,3,1,0,0,0,0,3,0,2,2,2,0,0,0,0,0,0,0,0,0,0,0,0,0,0,0,0,0,0,0,0,0
-65.70044930223509,0.7585713809878348,25,5,0,0,0,4,1,3,0,0,0,2,2,2,2,2,0,0,0,0,0,0,0,0,0,0,0,0,0,0,0,0,0,0,0,0,0
-53.68670721299423,0.755647174039153,62,3,0,0,0,1,0,0,0,0,0,2,0,1,1,1,0,0,0,0,0,0,0,0,0,0,0,0,0,0,0,0,0,0,0,0,0
-59.8967707681008,0.5374820446436446,69,8,0,0,0,0,0,1,0,0,0,2,2,3,3,1,0,0,0,0,0,0,0,0,0,0,0,0,0,0,0,0,0,0,0,0,0
-49.467878329971576,0.6709515510128347,21,15,0,0,0,4,2,2,0,0,0,1,2,1,1,2,0,0,0,0,0,0,0,0,0,0,0,0,0,0,0,0,0,0,0,0,0
-85.70773020506766,0.4867550207886808,23,9,0,0,0,2,2,0,0,0,0,0,2,0,1,1,0,0,0,0,0,0,0,0,0,0,0,0,0,0,0,0,0,0,0,0,0
-61.522682844137954,0.3245753696525734,72,11,0,0,0,3,2,3,0,0,0,2,1,0,2,0,0,0,0,0,0,0,0,0,0,0,0,0,0,0,0,0,0,0,0,0,0
-70.87436558679372,0.48935846091280666,67,7,0,0,0,4,1,1,0,0,0,2,1,3,2,2,0,0,0,0,0,0,0,0,0,0,0,0,0,0,0,0,0,0,0,0,0
-54.67914596477058,0.6559261036513162,35,7,0,0,0,0,0,3,0,0,0,2,0,3,1,1,0,0,0,0,0,0,0,0,0,0,0,0,0,0,0,0,0,0,0,0,0
-53.68961006861815,0.42838448443163546,66,5,0,0,0,4,0,0,0,0,0,1,3,2,1,2,0,0,0,0,0,0,0,0,0,0,0,0,0,0,0,0,0,0,0,0,0
-85.57908374452333,0.6952866741568664,27,9,0,0,0,4,1,2,0,0,0,2,0,3,1,1,0,0,0,0,0,0,0,0,0,0,0,0,0,0,0,0,0,0,0,0,0
-69.4898236603197,0.23144484853388128,47,3,0,0,0,1,2,0,0,0,0,3,0,3,1,2,0,0,0,0,0,0,0,0,0,0,0,0,0,0,0,0,0,0,0,0,0
-85.96420639881399,0.39484597330718163,24,13,0,0,0,0,0,3,0,0,0,2,0,0,0,1,0,0,0,0,0,0,0,0,0,0,0,0,0,0,0,0,0,0,0,0,0
-85.30965628967652,0.61006304026721,21,14,0,0,0,3,1,0,0,0,0,2,2,3,1,2,0,0,0,0,0,0,0,0,0,0,0,0,0,0,0,0,0,0,0,0,0
-47.45188381624126,0.9181791984302229,52,8,0,0,0,5,2,1,0,0,0,2,2,0,0,2,0,0,0,0,0,0,0,0,0,0,0,0,0,0,0,0,0,0,0,0,0
-78.5098359726099,0.3033474312486111,41,7,0,0,0,2,1,1,0,0,0,0,1,3,1,2,0,0,0,0,0,0,0,0,0,0,0,0,0,0,0,0,0,0,0,0,0
-54.2149331774455,0.31414799488202505,42,9,0,0,0,0,3,1,0,0,0,0,3,2,2,2,0,0,0,0,0,0,0,0,0,0,0,0,0,0,0,0,0,0,0,0,0
-76.07733173798512,0.10841031723780487,76,9,0,0,0,2,2,0,0,0,0,0,3,1,3,0,0,0,0,0,0,0,0,0,0,0,0,0,0,0,0,0,0,0,0,0,0
-44.0291385471963,0.6277553147687771,60,4,0,0,0,4,2,1,0,0,0,3,2,3,0,0,0,0,0,0,0,0,0,0,0,0,0,0,0,0,0,0,0,0,0,0,0
-49.59844368827073,0.19803151476688924,22,12,0,0,0,4,1,0,0,0,0,0,0,2,3,0,0,0,0,0,0,0,0,0,0,0,0,0,0,0,0,0,0,0,0,0,0
-67.341160557839,0.9483016666687859,55,5,0,0,0,4,1,3,0,0,0,1,1,3,2,0,0,0,0,0,0,0,0,0,0,0,0,0,0,0,0,0,0,0,0,0,0
-40.479945616722425,0.938162429475623,60,13,0,0,0,4,3,2,0,0,0,2,0,0,2,0,0,0,0,0,0,0,0,0,0,0,0,0,0,0,0,0,0,0,0,0,0
-73.19596227572488,0.5951308195383523,45,3,0,0,0,0,0,2,0,0,0,2,0,2,2,1,0,0,0,0,0,0,0,0,0,0,0,0,0,0,0,0,0,0,0,0,0
-67.22749804816762,0.8810815130079711,36,12,0,0,0,4,2,0,0,0,0,1,0,2,2,2,0,0,0,0,0,0,0,0,0,0,0,0,0,0,0,0,0,0,0,0,0
-73.2626315878585,0.37777379569399605,29,7,0,0,0,0,0,0,0,0,0,0,3,0,2,1,0,0,0,0,0,0,0,0,0,0,0,0,0,0,0,0,0,0,0,0,0
-76.57457887516419,0.25514574514550914,32,11,0,0,0,4,2,1,0,0,0,1,1,0,0,1,0,0,0,0,0,0,0,0,0,0,0,0,0,0,0,0,0,0,0,0,0
-84.02173663942416,0.14941256288201757,23,15,0,0,0,4,3,1,0,0,0,3,2,2,3,1,0,0,0,0,0,0,0,0,0,0,0,0,0,0,0,0,0,0,0,0,0
-53.36319957235189,0.5517114628864479,32,3,0,0,0,1,1,0,0,0,0,1,2,1,3,1,0,0,0,0,0,0,0,0,0,0,0,0,0,0,0,0,0,0,0,0,0
-89.77699460042935,0.5441562532800772,36,9,0,0,0,3,1,0,0,0,0,3,1,1,0,1,0,0,0,0,0,0,0,0,0,0,0,0,0,0,0,0,0,0,0,0,0
-52.03326675883994,0.1021621200871506,54,4,0,0,0,5,1,0,0,0,0,2,1,2,2,2,0,0,0,0,0,0,0,0,0,0,0,0,0,0,0,0,0,0,0,0,0
-47.82906947195081,0.8663662710709887,54,3,0,0,0,3,1,2,0,0,0,3,2,1,0,0,0,0,0,0,0,0,0,0,0,0,0,0,0,0,0,0,0,0,0,0,0
-43.67718022143064,0.1565107503221958,56,4,0,0,0,2,1,2,0,0,0,2,3,0,3,0,0,0,0,0,0,0,0,0,0,0,0,0,0,0,0,0,0,0,0,0,0
-77.25508987263525,0.6088073019825916,64,5,0,0,0,1,3,0,0,0,0,0,1,3,1,2,0,0,0,0,0,0,0,0,0,0,0,0,0,0,0,0,0,0,0,0,0
-40.75593420438927,0.17240177429171605,34,6,0,0,0,1,3,1,0,0,0,3,1,3,2,1,0,0,0,0,0,0,0,0,0,0,0,0,0,0,0,0,0,0,0,0,0
-50.023844616354175,0.3676658997465946,67,10,0,0,0,4,2,0,0,0,0,1,3,1,1,1,0,0,0,0,0,0,0,0,0,0,0,0,0,0,0,0,0,0,0,0,0
-73.73487953497948,0.17776579368039047,62,5,0,0,0,0,2,2,0,0,0,0,3,2,0,0,0,0,0,0,0,0,0,0,0,0,0,0,0,0,0,0,0,0,0,0,0
-53.90328266274347,0.7446757942720497,58,4,0,0,0,0,2,1,0,0,0,1,0,3,2,1,0,0,0,0,0,0,0,0,0,0,0,0,0,0,0,0,0,0,0,0,0
-57.912229168128896,0.6347534815570852,51,6,0,0,0,0,2,3,0,0,0,0,3,1,1,1,0,0,0,0,0,0,0,0,0,0,0,0,0,0,0,0,0,0,0,0,0
-71.17930417203226,0.9745813056328604,29,11,0,0,0,1,3,3,0,0,0,2,2,3,2,2,0,0,0,0,0,0,0,0,0,0,0,0,0,0,0,0,0,0,0,0,0
-73.00973205083417,0.7753715984084072,64,9,0,0,0,5,1,3,0,0,0,3,3,3,2,1,0,0,0,0,0,0,0,0,0,0,0,0,0,0,0,0,0,0,0,0,0
-54.51391031387713,0.18929548782649966,51,7,0,0,0,0,0,2,0,0,0,3,1,3,3,0,0,0,0,0,0,0,0,0,0,0,0,0,0,0,0,0,0,0,0,0,0
-65.69486758823582,0.17607631182506936,32,13,0,0,0,5,3,0,0,0,0,0,1,0,0,2,0,0,0,0,0,0,0,0,0,0,0,0,0,0,0,0,0,0,0,0,0
-62.93096250167329,0.9046528614307723,28,5,0,0,0,5,0,3,0,0,0,3,2,1,2,1,0,0,0,0,0,0,0,0,0,0,0,0,0,0,0,0,0,0,0,0,0
-84.06932653317504,0.8248229287495386,32,9,0,0,0,1,3,2,0,0,0,1,0,1,3,2,0,0,0,0,0,0,0,0,0,0,0,0,0,0,0,0,0,0,0,0,0
-86.3028978405282,0.6043347290437544,28,12,0,0,0,5,2,1,0,0,0,1,0,0,3,2,0,0,0,0,0,0,0,0,0,0,0,0,0,0,0,0,0,0,0,0,0
-56.44433072402738,0.6596582232571981,26,11,0,0,0,4,2,1,0,0,0,3,0,1,0,1,0,0,0,0,0,0,0,0,0,0,0,0,0,0,0,0,0,0,0,0,0
-51.451664601489966,0.7741351783218885,65,5,0,0,0,5,2,1,0,0,0,0,1,0,0,0,0,0,0,0,0,0,0,0,0,0,0,0,0,0,0,0,0,0,0,0,0
-64.05407055895677,0.5687320741450101,25,14,0,0,0,1,2,3,0,0,0,2,1,3,1,1,0,0,0,0,0,0,0,0,0,0,0,0,0,0,0,0,0,0,0,0,0
-69.05962431359947,0.7858046541199781,74,11,0,0,0,0,3,1,0,0,0,3,0,1,3,0,0,0,0,0,0,0,0,0,0,0,0,0,0,0,0,0,0,0,0,0,0
-74.9433934101279,0.2018906266076535,47,14,0,0,0,1,0,3,0,0,0,3,3,2,1,1,0,0,0,0,0,0,0,0,0,0,0,0,0,0,0,0,0,0,0,0,0
-84.56558715175636,0.6258951603148782,50,13,0,0,0,5,1,2,0,0,0,0,0,3,0,1,0,0,0,0,0,0,0,0,0,0,0,0,0,0,0,0,0,0,0,0,0
-61.34264806724967,0.8629630970857747,54,13,0,0,0,0,3,1,0,0,0,1,0,2,1,2,0,0,0,0,0,0,0,0,0,0,0,0,0,0,0,0,0,0,0,0,0
-77.71690026159833,0.1505537904104096,20,5,0,0,0,1,1,0,0,0,0,2,2,0,0,1,0,0,0,0,0,0,0,0,0,0,0,0,0,0,0,0,0,0,0,0,0
-41.34097622168621,0.2059865616026479,31,9,0,0,0,3,3,2,0,0,0,0,0,1,3,0,0,0,0,0,0,0,0,0,0,0,0,0,0,0,0,0,0,0,0,0,0
-40.02972037150516,0.3064377393126878,57,5,0,0,0,0,0,3,0,0,0,3,3,0,1,0,0,0,0,0,0,0,0,0,0,0,0,0,0,0,0,0,0,0,0,0,0
-71.19157597502674,0.4519055276458488,65,3,0,0,0,0,1,1,0,0,0,2,0,2,1,1,0,0,0,0,0,0,0,0,0,0,0,0,0,0,0,0,0,0,0,0,0
-47.537182973046356,0.8704109634743571,30,4,0,0,0,2,0,3,0,0,0,3,0,3,1,1,0,0,0,0,0,0,0,0,0,0,0,0,0,0,0,0,0,0,0,0,0
-51.754957170141914,0.9686186414978861,73,3,0,0,0,5,0,1,0,0,0,0,1,2,3,0,0,0,0,0,0,0,0,0,0,0,0,0,0,0,0,0,0,0,0,0,0
-61.93378720844103,0.2659736513137964,37,5,0,0,0,1,0,0,0,0,0,3,3,0,3,1,0,0,0,0,0,0,0,0,0,0,0,0,0,0,0,0,0,0,0,0,0
-48.377969917401074,0.38338110870981745,40,10,0,0,0,4,3,2,0,0,0,2,0,2,0,0,0,0,0,0,0,0,0,0,0,0,0,0,0,0,0,0,0,0,0,0,0
-79.79092110893039,0.2875597280019623,24,10,0,0,0,2,0,1,0,0,0,2,3,3,0,0,0,0,0,0,0,0,0,0,0,0,0,0,0,0,0,0,0,0,0,0,0
-70.06722101381392,0.7848559394534846,28,12,0,0,0,2,2,3,0,0,0,3,0,1,1,1,0,0,0,0,0,0,0,0,0,0,0,0,0,0,0,0,0,0,0,0,0
-64.95149775117468,0.31265724852252863,42,14,0,0,0,1,1,3,0,0,0,3,2,0,3,0,0,0,0,0,0,0,0,0,0,0,0,0,0,0,0,0,0,0,0,0,0
-57.72495994226285,0.5791748913944654,57,15,0,0,0,1,1,2,0,0,0,1,3,0,0,2,0,0,0,0,0,0,0,0,0,0,0,0,0,0,0,0,0,0,0,0,0
-40.33984947219286,0.2312458414231146,24,9,0,0,0,0,1,3,0,0,0,0,1,2,0,2,0,0,0,0,0,0,0,0,0,0,0,0,0,0,0,0,0,0,0,0,0
-89.6554401529832,0.41791220652359595,67,8,0,0,0,3,1,1,0,0,0,0,3,1,2,1,0,0,0,0,0,0,0,0,0,0,0,0,0,0,0,0,0,0,0,0,0
-60.79841950951939,0.22672944274714954,79,5,0,0,0,5,3,0,0,0,0,0,1,1,1,1,0,0,0,0,0,0,0,0,0,0,0,0,0,0,0,0,0,0,0,0,0
-82.10882950344937,0.9879333681216969,27,15,0,0,0,2,2,1,0,0,0,2,1,0,1,2,0,0,0,0,0,0,0,0,0,0,0,0,0,0,0,0,0,0,0,0,0
-53.88860943550812,0.8601498698565166,22,11,0,0,0,1,0,1,0,0,0,2,2,2,3,1,0,0,0,0,0,0,0,0,0,0,0,0,0,0,0,0,0,0,0,0,0
-68.18710567871446,0.29711147625750056,27,6,0,0,0,1,1,1,0,0,0,3,3,0,0,0,0,0,0,0,0,0,0,0,0,0,0,0,0,0,0,0,0,0,0,0,0
-43.347506079277125,0.7564763417834224,39,15,0,0,0,4,3,3,0,0,0,0,2,2,3,1,0,0,0,0,0,0,0,0,0,0,0,0,0,0,0,0,0,0,0,0,0
-63.15038714668548,0.9470277287271299,72,14,0,0,0,2,3,0,0,0,0,2,0,0,2,1,0,0,0,0,0,0,0,0,0,0,0,0,0,0,0,0,0,0,0,0,0
-89.08266014416007,0.26974714283066425,54,15,0,0,0,1,1,2,0,0,0,0,0,1,0,0,0,0,0,0,0,0,0,0,0,0,0,0,0,0,0,0,0,0,0,0,0
-51.70417741621904,0.31224529029904646,69,12,0,0,0,3,3,2,0,0,0,3,0,0,2,0,0,0,0,0,0,0,0,0,0,0,0,0,0,0,0,0,0,0,0,0,0
-80.27011264243484,0.5398122281425265,71,12,0,0,0,5,2,2,0,0,0,1,2,1,1,1,0,0,0,0,0,0,0,0,0,0,0,0,0,0,0,0,0,0,0,0,0
-54.73259889277284,0.6985600660920117,22,13,0,0,0,0,3,3,0,0,0,3,2,2,0,2,0,0,0,0,0,0,0,0,0,0,0,0,0,0,0,0,0,0,0,0,0
-69.18576212211781,0.24041817163849938,42,5,0,0,0,1,2,2,0,0,0,1,0,2,3,0,0,0,0,0,0,0,0,0,0,0,0,0,0,0,0,0,0,0,0,0,0
-81.76476964911417,0.2001058105973303,24,6,0,0,0,4,3,3,0,0,0,2,0,0,1,2,0,0,0,0,0,0,0,0,0,0,0,0,0,0,0,0,0,0,0,0,0
-55.426769955249206,0.8716007505218649,69,3,0,0,0,4,3,0,0,0,0,3,3,3,1,0,0,0,0,0,0,0,0,0,0,0,0,0,0,0,0,0,0,0,0,0,0
-81.56812795685062,0.8790441059031883,31,12,0,0,0,4,1,2,0,0,0,0,0,3,0,1,0,0,0,0,0,0,0,0,0,0,0,0,0,0,0,0,0,0,0,0,0
-48.09398454189914,0.6426334726181857,62,5,0,0,0,4,2,2,0,0,0,0,1,1,1,0,0,0,0,0,0,0,0,0,0,0,0,0,0,0,0,0,0,0,0,0,0
-64.31362420991366,0.8192216007600035,61,14,0,0,0,3,3,3,0,0,0,2,2,2,1,0,0,0,0,0,0,0,0,0,0,0,0,0,0,0,0,0,0,0,0,0,0
-83.0224437552022,0.5801112597517768,76,9,0,0,0,4,2,1,0,0,0,1,2,3,1,2,0,0,0,0,0,0,0,0,0,0,0,0,0,0,0,0,0,0,0,0,0
-62.924658821763074,0.9474746348141532,30,8,0,0,0,4,2,2,0,0,0,3,2,0,1,1,0,0,0,0,0,0,0,0,0,0,0,0,0,0,0,0,0,0,0,0,0
-47.42864395314848,0.5485843204727527,57,9,0,0,0,2,0,0,0,0,0,3,2,3,0,2,0,0,0,0,0,0,0,0,0,0,0,0,0,0,0,0,0,0,0,0,0
-63.792981880663234,0.39456884736651554,72,13,0,0,0,3,0,1,0,0,0,2,0,1,3,1,0,0,0,0,0,0,0,0,0,0,0,0,0,0,0,0,0,0,0,0,0
-65.71932063085457,0.7270491409482521,23,7,0,0,0,4,2,0,0,0,0,1,1,1,1,1,0,0,0,0,0,0,0,0,0,0,0,0,0,0,0,0,0,0,0,0,0
-85.99455453105968,0.8238722339043479,57,11,0,0,0,4,3,0,0,0,0,0,3,2,0,2,0,0,0,0,0,0,0,0,0,0,0,0,0,0,0,0,0,0,0,0,0
-50.58066590023582,0.8451352364396428,60,15,0,0,0,3,0,1,0,0,0,2,0,3,3,0,0,0,0,0,0,0,0,0,0,0,0,0,0,0,0,0,0,0,0,0,0
-73.3905107799687,0.8794419491935166,60,15,0,0,0,4,1,3,0,0,0,3,0,1,0,2,0,0,0,0,0,0,0,0,0,0,0,0,0,0,0,0,0,0,0,0,0
-44.23621792776033,0.5169152032943048,53,6,0,0,0,3,3,2,0,0,0,1,3,1,3,1,0,0,0,0,0,0,0,0,0,0,0,0,0,0,0,0,0,0,0,0,0
-79.91872042515614,0.502985844954549,35,10,0,0,0,3,2,2,0,0,0,3,2,0,1,0,0,0,0,0,0,0,0,0,0,0,0,0,0,0,0,0,0,0,0,0,0
-47.15362139018118,0.6767571060071241,75,6,0,0,0,4,1,2,0,0,0,3,3,0,1,0,0,0,0,0,0,0,0,0,0,0,0,0,0,0,0,0,0,0,0,0,0
-52.37641312646013,0.5512257772815714,54,14,0,0,0,3,3,3,0,0,0,3,1,0,2,1,0,0,0,0,0,0,0,0,0,0,0,0,0,0,0,0,0,0,0,0,0
-86.97881850082332,0.22273204714466754,76,13,0,0,0,4,1,1,0,0,0,0,0,0,1,2,0,0,0,0,0,0,0,0,0,0,0,0,0,0,0,0,0,0,0,0,0
-76.41989136095711,0.6631056376588658,67,7,0,0,0,1,2,2,0,0,0,3,2,3,3,0,0,0,0,0,0,0,0,0,0,0,0,0,0,0,0,0,0,0,0,0,0
-43.49871069117607,0.19143860747928187,64,7,0,0,0,1,1,3,0,0,0,0,3,0,3,0,0,0,0,0,0,0,0,0,0,0,0,0,0,0,0,0,0,0,0,0,0
-72.13935175665972,0.35728572558048766,78,4,0,0,0,1,2,3,0,0,0,1,2,2,2,0,0,0,0,0,0,0,0,0,0,0,0,0,0,0,0,0,0,0,0,0,0
-71.65421157467236,0.6109681351980025,35,7,0,0,0,2,0,3,0,0,0,0,0,2,3,1,0,0,0,0,0,0,0,0,0,0,0,0,0,0,0,0,0,0,0,0,0
-62.05340600562435,0.6765044270378264,72,15,0,0,0,0,0,0,0,0,0,0,0,1,0,0,0,0,0,0,0,0,0,0,0,0,0,0,0,0,0,0,0,0,0,0,0
-86.69557163221448,0.5222952733262455,28,13,0,0,0,3,3,0,0,0,0,1,0,1,2,0,0,0,0,0,0,0,0,0,0,0,0,0,0,0,0,0,0,0,0,0,0
-74.0225902805002,0.4664157893717005,38,3,0,0,0,4,3,3,0,0,0,1,2,2,2,0,0,0,0,0,0,0,0,0,0,0,0,0,0,0,0,0,0,0,0,0,0
-73.50954743738524,0.6386371794574276,32,3,0,0,0,3,0,3,0,0,0,3,2,1,2,2,0,0,0,0,0,0,0,0,0,0,0,0,0,0,0,0,0,0,0,0,0
-41.92144254098394,0.1577676889537559,77,8,0,0,0,0,1,1,0,0,0,0,1,2,2,1,0,0,0,0,0,0,0,0,0,0,0,0,0,0,0,0,0,0,0,0,0
-65.26482060984632,0.9465456579044745,56,14,0,0,0,3,2,3,0,0,0,0,0,0,1,0,0,0,0,0,0,0,0,0,0,0,0,0,0,0,0,0,0,0,0,0,0
-43.387269012706426,0.8393674661005814,63,13,0,0,0,3,1,1,0,0,0,0,1,2,1,0,0,0,0,0,0,0,0,0,0,0,0,0,0,0,0,0,0,0,0,0,0
-49.81448902180905,0.5826880976464662,79,11,0,0,0,0,1,1,0,0,0,3,0,0,3,0,0,0,0,0,0,0,0,0,0,0,0,0,0,0,0,0,0,0,0,0,0
-77.40033275750761,0.9084838723860358,22,11,0,0,0,2,1,3,0,0,0,2,0,1,1,2,0,0,0,0,0,0,0,0,0,0,0,0,0,0,0,0,0,0,0,0,0
-81.75255308014647,0.24174685438976878,62,4,0,0,0,3,0,3,0,0,0,1,1,2,2,1,0,0,0,0,0,0,0,0,0,0,0,0,0,0,0,0,0,0,0,0,0
-85.73708807387402,0.389782462379447,31,4,0,0,0,3,3,0,0,0,0,1,3,0,0,1,0,0,0,0,0,0,0,0,0,0,0,0,0,0,0,0,0,0,0,0,0
-74.05131056410195,0.21846835083339766,30,14,0,0,0,5,0,0,0,0,0,0,2,3,2,2,0,0,0,0,0,0,0,0,0,0,0,0,0,0,0,0,0,0,0,0,0
-44.5528527150537,0.8427119914057944,50,4,0,0,0,2,0,1,0,0,0,2,2,3,3,2,0,0,0,0,0,0,0,0,0,0,0,0,0,0,0,0,0,0,0,0,0
-61.89270282442824,0.8305070764322404,64,4,0,0,0,4,3,0,0,0,0,3,0,1,3,0,0,0,0,0,0,0,0,0,0,0,0,0,0,0,0,0,0,0,0,0,0
-54.79517506117183,0.18805973233893297,35,4,0,0,0,1,0,1,0,0,0,2,1,3,2,2,0,0,0,0,0,0,0,0,0,0,0,0,0,0,0,0,0,0,0,0,0
-44.63346805305522,0.9157715620118798,79,13,0,0,0,4,2,0,0,0,0,3,0,2,3,2,0,0,0,0,0,0,0,0,0,0,0,0,0,0,0,0,0,0,0,0,0
-82.97474480454743,0.34086929066434934,58,4,0,0,0,5,1,3,0,0,0,3,2,3,3,0,0,0,0,0,0,0,0,0,0,0,0,0,0,0,0,0,0,0,0,0,0
-53.71261690301615,0.9546301101097289,48,4,0,0,0,4,0,3,0,0,0,2,3,2,3,1,0,0,0,0,0,0,0,0,0,0,0,0,0,0,0,0,0,0,0,0,0
-57.84650814392525,0.6206150023752496,31,9,0,0,0,3,0,2,0,0,0,0,2,3,3,0,0,0,0,0,0,0,0,0,0,0,0,0,0,0,0,0,0,0,0,0,0
-75.62096164013822,0.845975534818314,74,11,0,0,0,4,3,0,0,0,0,2,2,1,3,2,0,0,0,0,0,0,0,0,0,0,0,0,0,0,0,0,0,0,0,0,0
-55.18074255911611,0.6487653985609119,33,3,0,0,0,5,2,3,0,0,0,2,1,0,1,2,0,0,0,0,0,0,0,0,0,0,0,0,0,0,0,0,0,0,0,0,0
-63.576036622849884,0.3901510531675846,30,15,0,0,0,3,3,2,0,0,0,2,3,0,3,2,0,0,0,0,0,0,0,0,0,0,0,0,0,0,0,0,0,0,0,0,0
-74.80930335122605,0.19122065712417574,61,6,0,0,0,2,3,1,0,0,0,1,2,1,3,2,0,0,0,0,0,0,0,0,0,0,0,0,0,0,0,0,0,0,0,0,0
-57.53043274031327,0.6107797452580928,50,5,0,0,0,3,0,1,0,0,0,1,3,0,3,2,0,0,0,0,0,0,0,0,0,0,0,0,0,0,0,0,0,0,0,0,0
-67.7848891958707,0.9590751973933448,21,14,0,0,0,4,0,3,0,0,0,2,0,2,0,2,0,0,0,0,0,0,0,0,0,0,0,0,0,0,0,0,0,0,0,0,0
-50.47675340566139,0.824706502551603,26,4,0,0,0,3,1,3,0,0,0,0,2,3,1,2,0,0,0,0,0,0,0,0,0,0,0,0,0,0,0,0,0,0,0,0,0
-41.718139542175045,0.32934261850393215,70,13,0,0,0,4,2,2,0,0,0,0,3,0,0,0,0,0,0,0,0,0,0,0,0,0,0,0,0,0,0,0,0,0,0,0,0
-82.81083164540134,0.32901903880461036,60,6,0,0,0,0,3,0,0,0,0,3,1,3,2,0,0,0,0,0,0,0,0,0,0,0,0,0,0,0,0,0,0,0,0,0,0
-77.55632883692014,0.4525503954747653,37,15,0,0,0,4,0,3,0,0,0,0,0,2,1,1,0,0,0,0,0,0,0,0,0,0,0,0,0,0,0,0,0,0,0,0,0
-42.42908143894824,0.7933740007987964,46,12,0,0,0,2,1,3,0,0,0,1,0,1,0,0,0,0,0,0,0,0,0,0,0,0,0,0,0,0,0,0,0,0,0,0,0
-73.84779505558319,0.7257176981439876,49,4,0,0,0,2,0,3,0,0,0,1,0,1,0,0,0,0,0,0,0,0,0,0,0,0,0,0,0,0,0,0,0,0,0,0,0
-87.59008988416754,0.8049551166678676,80,4,0,0,0,2,1,1,0,0,0,2,0,1,1,0,0,0,0,0,0,0,0,0,0,0,0,0,0,0,0,0,0,0,0,0,0
-86.50153180793055,0.6427850199184946,52,15,0,0,0,0,3,0,0,0,0,1,0,0,2,2,0,0,0,0,0,0,0,0,0,0,0,0,0,0,0,0,0,0,0,0,0
-49.87202794835619,0.1662052656645711,77,7,0,0,0,0,3,3,0,0,0,2,2,3,1,1,0,0,0,0,0,0,0,0,0,0,0,0,0,0,0,0,0,0,0,0,0
-74.31941323818162,0.798272603720629,28,12,0,0,0,0,2,1,0,0,0,1,1,0,1,0,0,0,0,0,0,0,0,0,0,0,0,0,0,0,0,0,0,0,0,0,0
-55.40044342722523,0.3053113231668717,41,7,0,0,0,4,0,1,0,0,0,0,3,2,1,1,0,0,0,0,0,0,0,0,0,0,0,0,0,0,0,0,0,0,0,0,0
-87.93504170800315,0.12450325941546386,39,3,0,0,0,3,2,2,0,0,0,3,2,0,1,0,0,0,0,0,0,0,0,0,0,0,0,0,0,0,0,0,0,0,0,0,0
-67.2451847632015,0.37986963028217424,49,15,0,0,0,5,3,0,0,0,0,0,3,3,3,1,0,0,0,0,0,0,0,0,0,0,0,0,0,0,0,0,0,0,0,0,0
-83.88490810258313,0.700743030808921,20,12,0,0,0,2,1,0,0,0,0,3,2,1,2,0,0,0,0,0,0,0,0,0,0,0,0,0,0,0,0,0,0,0,0,0,0
-61.59216507655236,0.7487787384269522,46,5,0,0,0,4,3,3,0,0,0,2,1,0,1,1,0,0,0,0,0,0,0,0,0,0,0,0,0,0,0,0,0,0,0,0,0
-45.87906979252256,0.9866298421350963,40,15,0,0,0,5,1,2,0,0,0,1,3,3,2,1,0,0,0,0,0,0,0,0,0,0,0,0,0,0,0,0,0,0,0,0,0
-85.24474058276505,0.6072812379113254,37,8,0,0,0,3,0,2,0,0,0,1,1,3,1,0,0,0,0,0,0,0,0,0,0,0,0,0,0,0,0,0,0,0,0,0,0
-72.48481861366791,0.5015246095720799,24,9,0,0,0,1,1,0,0,0,0,3,2,0,0,1,0,0,0,0,0,0,0,0,0,0,0,0,0,0,0,0,0,0,0,0,0
-68.69095462015167,0.7299615655771393,72,15,0,0,0,5,3,3,0,0,0,3,0,0,0,2,0,0,0,0,0,0,0,0,0,0,0,0,0,0,0,0,0,0,0,0,0
-65.42234143747947,0.15612272397309765,70,7,0,0,0,1,2,3,0,0,0,2,0,2,1,2,0,0,0,0,0,0,0,0,0,0,0,0,0,0,0,0,0,0,0,0,0
-59.67944477895307,0.5638747778944937,34,5,0,0,0,1,1,2,0,0,0,2,2,2,3,0,0,0,0,0,0,0,0,0,0,0,0,0,0,0,0,0,0,0,0,0,0
-68.73737730374722,0.6354950906028346,26,13,0,0,0,3,1,3,0,0,0,2,1,1,3,1,0,0,0,0,0,0,0,0,0,0,0,0,0,0,0,0,0,0,0,0,0
-45.44081760310887,0.981144980451964,78,13,0,0,0,0,0,1,0,0,0,0,1,0,0,1,0,0,0,0,0,0,0,0,0,0,0,0,0,0,0,0,0,0,0,0,0
-63.699563260873745,0.4450709930890939,36,11,0,0,0,5,0,2,0,0,0,0,3,2,0,2,0,0,0,0,0,0,0,0,0,0,0,0,0,0,0,0,0,0,0,0,0
-87.67687225441091,0.16001765038346638,50,6,0,0,0,2,1,1,0,0,0,2,0,0,3,2,0,0,0,0,0,0,0,0,0,0,0,0,0,0,0,0,0,0,0,0,0
-60.37222281670838,0.47610942696856806,32,6,0,0,0,3,0,1,0,0,0,3,0,1,3,2,0,0,0,0,0,0,0,0,0,0,0,0,0,0,0,0,0,0,0,0,0
-58.89856950790951,0.14329943287364694,37,9,0,0,0,0,2,3,0,0,0,2,0,0,1,2,0,0,0,0,0,0,0,0,0,0,0,0,0,0,0,0,0,0,0,0,0
-86.33300887402315,0.9118625262415835,42,12,0,0,0,3,1,0,0,0,0,1,1,3,1,1,0,0,0,0,0,0,0,0,0,0,0,0,0,0,0,0,0,0,0,0,0
-40.58291873814612,0.7663155212985567,44,11,0,0,0,0,2,0,0,0,0,3,3,0,1,0,0,0,0,0,0,0,0,0,0,0,0,0,0,0,0,0,0,0,0,0,0
-57.811405990380116,0.7538533912486488,67,5,0,0,0,4,2,1,0,0,0,3,0,3,3,2,0,0,0,0,0,0,0,0,0,0,0,0,0,0,0,0,0,0,0,0,0
-40.30696502203432,0.4483413663203629,73,9,0,0,0,1,0,3,0,0,0,3,1,1,1,2,0,0,0,0,0,0,0,0,0,0,0,0,0,0,0,0,0,0,0,0,0
-68.18414504044966,0.15777649670109498,23,10,0,0,0,3,1,3,0,0,0,1,2,0,1,1,0,0,0,0,0,0,0,0,0,0,0,0,0,0,0,0,0,0,0,0,0
-40.11854839211294,0.17484647975254514,69,8,0,0,0,0,1,1,0,0,0,3,2,3,2,1,0,0,0,0,0,0,0,0,0,0,0,0,0,0,0,0,0,0,0,0,0
-68.60875833458628,0.6162247932299402,52,13,0,0,0,1,1,2,0,0,0,0,1,3,1,1,0,0,0,0,0,0,0,0,0,0,0,0,0,0,0,0,0,0,0,0,0
-57.89972408188507,0.587991428946977,43,6,0,0,0,1,3,3,0,0,0,2,3,3,0,1,0,0,0,0,0,0,0,0,0,0,0,0,0,0,0,0,0,0,0,0,0
-64.15078646091395,0.3353146821690622,71,12,0,0,0,1,0,0,0,0,0,0,1,1,2,2,0,0,0,0,0,0,0,0,0,0,0,0,0,0,0,0,0,0,0,0,0
-63.488298944663626,0.8804826168285294,51,13,0,0,0,4,2,1,0,0,0,1,1,2,1,0,0,0,0,0,0,0,0,0,0,0,0,0,0,0,0,0,0,0,0,0,0
-84.89553594510386,0.37045699046195013,34,5,0,0,0,4,2,0,0,0,0,0,1,2,1,2,0,0,0,0,0,0,0,0,0,0,0,0,0,0,0,0,0,0,0,0,0
-73.0815764674338,0.8166407514834051,72,11,0,0,0,5,0,1,0,0,0,2,2,2,3,1,0,0,0,0,0,0,0,0,0,0,0,0,0,0,0,0,0,0,0,0,0
-46.05390440674072,0.7423641321574231,57,4,0,0,0,5,2,3,0,0,0,2,0,3,0,1,0,0,0,0,0,0,0,0,0,0,0,0,0,0,0,0,0,0,0,0,0
-67.09667312118559,0.19837171572676482,24,13,0,0,0,3,0,2,0,0,0,3,2,3,0,0,0,0,0,0,0,0,0,0,0,0,0,0,0,0,0,0,0,0,0,0,0
-81.97511288614332,0.9039474519904567,51,11,0,0,0,4,1,2,0,0,0,1,3,1,2,2,0,0,0,0,0,0,0,0,0,0,0,0,0,0,0,0,0,0,0,0,0
-71.35692971326966,0.7341271957006028,20,14,0,0,0,0,0,0,0,0,0,0,0,3,1,1,0,0,0,0,0,0,0,0,0,0,0,0,0,0,0,0,0,0,0,0,0
-46.993871698327666,0.7035960962225601,58,5,0,0,0,3,2,3,0,0,0,3,3,0,1,1,0,0,0,0,0,0,0,0,0,0,0,0,0,0,0,0,0,0,0,0,0
-54.63669575490458,0.7626546501785969,27,13,0,0,0,5,2,2,0,0,0,0,0,3,2,1,0,0,0,0,0,0,0,0,0,0,0,0,0,0,0,0,0,0,0,0,0
-72.98133212301605,0.9815076731967118,27,15,0,0,0,2,2,1,0,0,0,1,3,2,3,1,0,0,0,0,0,0,0,0,0,0,0,0,0,0,0,0,0,0,0,0,0
-74.84209755965374,0.5472709150487546,36,13,0,0,0,3,0,1,0,0,0,0,2,0,2,1,0,0,0,0,0,0,0,0,0,0,0,0,0,0,0,0,0,0,0,0,0
-58.93242907798739,0.7315603051507505,62,8,0,0,0,4,1,2,0,0,0,2,3,3,2,0,0,0,0,0,0,0,0,0,0,0,0,0,0,0,0,0,0,0,0,0,0
-81.94739263489959,0.5117890072973873,77,12,0,0,0,2,3,2,0,0,0,2,0,1,3,0,0,0,0,0,0,0,0,0,0,0,0,0,0,0,0,0,0,0,0,0,0
-45.65580081209474,0.94096787373598,72,3,0,0,0,5,0,3,0,0,0,0,2,3,0,2,0,0,0,0,0,0,0,0,0,0,0,0,0,0,0,0,0,0,0,0,0
-53.44697507677172,0.1936249647607745,63,14,0,0,0,2,3,0,0,0,0,3,0,3,3,2,0,0,0,0,0,0,0,0,0,0,0,0,0,0,0,0,0,0,0,0,0
-85.58233780850946,0.21796551758168045,36,15,0,0,0,3,2,3,0,0,0,1,3,3,1,2,0,0,0,0,0,0,0,0,0,0,0,0,0,0,0,0,0,0,0,0,0
-67.5999356839877,0.3290262088315431,78,15,0,0,0,5,3,3,0,0,0,1,0,0,3,2,0,0,0,0,0,0,0,0,0,0,0,0,0,0,0,0,0,0,0,0,0
-70.2267454427751,0.7435942772711928,36,11,0,0,0,1,3,2,0,0,0,0,2,0,3,2,0,0,0,0,0,0,0,0,0,0,0,0,0,0,0,0,0,0,0,0,0
-77.18514654591836,0.9775521384539594,44,8,0,0,0,1,2,3,0,0,0,0,3,1,2,2,0,0,0,0,0,0,0,0,0,0,0,0,0,0,0,0,0,0,0,0,0
-50.24545400417563,0.8495438854782736,55,9,0,0,0,0,2,1,0,0,0,1,0,1,1,2,0,0,0,0,0,0,0,0,0,0,0,0,0,0,0,0,0,0,0,0,0
-54.15700313082056,0.27712396998625194,28,8,0,0,0,4,0,0,0,0,0,3,2,1,0,1,0,0,0,0,0,0,0,0,0,0,0,0,0,0,0,0,0,0,0,0,0
-57.07170117508957,0.13679286574560454,76,8,0,0,0,0,0,1,0,0,0,1,2,3,2,1,0,0,0,0,0,0,0,0,0,0,0,0,0,0,0,0,0,0,0,0,0
-85.40986275378391,0.5433148413354226,29,11,0,0,0,4,2,1,0,0,0,2,0,3,1,1,0,0,0,0,0,0,0,0,0,0,0,0,0,0,0,0,0,0,0,0,0
-66.44056094992737,0.632805253773883,33,10,0,0,0,3,0,2,0,0,0,0,2,1,3,2,0,0,0,0,0,0,0,0,0,0,0,0,0,0,0,0,0,0,0,0,0
-40.48939839772432,0.5714938752759995,56,12,0,0,0,5,1,2,0,0,0,3,1,0,2,0,0,0,0,0,0,0,0,0,0,0,0,0,0,0,0,0,0,0,0,0,0
-51.11305759852003,0.9597433326724795,66,12,0,0,0,5,0,2,0,0,0,2,0,2,1,2,0,0,0,0,0,0,0,0,0,0,0,0,0,0,0,0,0,0,0,0,0
-60.84486103246772,0.7712326488201569,37,14,0,0,0,2,3,2,0,0,0,2,3,3,1,0,0,0,0,0,0,0,0,0,0,0,0,0,0,0,0,0,0,0,0,0,0
-61.247601643871235,0.3029926033011123,68,9,0,0,0,5,1,2,0,0,0,1,3,3,3,0,0,0,0,0,0,0,0,0,0,0,0,0,0,0,0,0,0,0,0,0,0
-63.73737864785017,0.7694410906468377,62,12,0,0,0,3,0,2,0,0,0,0,3,1,3,1,0,0,0,0,0,0,0,0,0,0,0,0,0,0,0,0,0,0,0,0,0
-83.09135015493928,0.8388976323861624,62,10,0,0,0,5,3,2,0,0,0,1,3,1,0,2,0,0,0,0,0,0,0,0,0,0,0,0,0,0,0,0,0,0,0,0,0
-61.74666234357456,0.13049449338129726,24,13,0,0,0,0,0,1,0,0,0,3,1,0,3,2,0,0,0,0,0,0,0,0,0,0,0,0,0,0,0,0,0,0,0,0,0
-66.76949629375954,0.7882104324429698,31,9,0,0,0,2,3,0,0,0,0,3,3,2,0,0,0,0,0,0,0,0,0,0,0,0,0,0,0,0,0,0,0,0,0,0,0
-71.95215635520732,0.2085993335734494,24,5,0,0,0,2,1,0,0,0,0,2,1,2,0,2,0,0,0,0,0,0,0,0,0,0,0,0,0,0,0,0,0,0,0,0,0
-65.54307981561202,0.735659477212445,52,15,0,0,0,5,3,1,0,0,0,3,3,1,3,2,0,0,0,0,0,0,0,0,0,0,0,0,0,0,0,0,0,0,0,0,0
-40.06847092074832,0.10930772464461344,57,7,0,0,0,3,3,3,0,0,0,3,3,1,1,0,0,0,0,0,0,0,0,0,0,0,0,0,0,0,0,0,0,0,0,0,0
-86.39560885463409,0.21137619530672602,45,4,0,0,0,1,2,0,0,0,0,3,0,1,3,2,0,0,0,0,0,0,0,0,0,0,0,0,0,0,0,0,0,0,0,0,0
-47.03418831859739,0.8035798130204966,63,9,0,0,0,2,1,1,0,0,0,3,1,2,2,2,0,0,0,0,0,0,0,0,0,0,0,0,0,0,0,0,0,0,0,0,0
-76.94496633087434,0.24029961939230732,30,12,0,0,0,0,3,3,0,0,0,2,0,1,2,0,0,0,0,0,0,0,0,0,0,0,0,0,0,0,0,0,0,0,0,0,0
-88.13629102876848,0.7969287196529644,27,10,0,0,0,0,3,3,0,0,0,3,2,3,3,1,0,0,0,0,0,0,0,0,0,0,0,0,0,0,0,0,0,0,0,0,0
-84.77295453491654,0.6046397524858929,57,8,0,0,0,3,1,3,0,0,0,2,2,2,1,0,0,0,0,0,0,0,0,0,0,0,0,0,0,0,0,0,0,0,0,0,0
-82.92045474298571,0.4411985458643337,47,10,0,0,0,4,1,2,0,0,0,3,1,2,2,2,0,0,0,0,0,0,0,0,0,0,0,0,0,0,0,0,0,0,0,0,0
-78.89661154140259,0.9018388794002928,20,8,0,0,0,3,3,0,0,0,0,1,2,3,3,2,0,0,0,0,0,0,0,0,0,0,0,0,0,0,0,0,0,0,0,0,0
-76.3335598565144,0.17391825412174128,20,3,0,0,0,3,1,2,0,0,0,1,2,3,3,1,0,0,0,0,0,0,0,0,0,0,0,0,0,0,0,0,0,0,0,0,0
-70.74419193984465,0.4174421378879912,72,8,0,0,0,4,1,3,0,0,0,2,3,3,0,0,0,0,0,0,0,0,0,0,0,0,0,0,0,0,0,0,0,0,0,0,0
-83.03732487570954,0.5988683716787602,74,11,0,0,0,4,2,0,0,0,0,1,0,0,0,0,0,0,0,0,0,0,0,0,0,0,0,0,0,0,0,0,0,0,0,0,0
-64.8919528101074,0.36258325774746036,45,5,0,0,0,1,3,0,0,0,0,1,3,2,0,2,0,0,0,0,0,0,0,0,0,0,0,0,0,0,0,0,0,0,0,0,0
-42.99294911644571,0.21342362059197137,54,6,0,0,0,4,3,3,0,0,0,0,0,2,3,2,0,0,0,0,0,0,0,0,0,0,0,0,0,0,0,0,0,0,0,0,0
-44.300408418795854,0.9940349369873015,61,5,0,0,0,5,3,3,0,0,0,3,2,3,0,2,0,0,0,0,0,0,0,0,0,0,0,0,0,0,0,0,0,0,0,0,0
-70.80781408731515,0.1907374887876352,63,3,0,0,0,1,0,3,0,0,0,0,1,1,2,0,0,0,0,0,0,0,0,0,0,0,0,0,0,0,0,0,0,0,0,0,0
-79.15479993087294,0.5597960224816527,68,8,0,0,0,1,1,2,0,0,0,1,0,2,0,0,0,0,0,0,0,0,0,0,0,0,0,0,0,0,0,0,0,0,0,0,0
-87.61174994136265,0.43406240864822854,27,14,0,0,0,2,2,3,0,0,0,2,1,0,2,2,0,0,0,0,0,0,0,0,0,0,0,0,0,0,0,0,0,0,0,0,0
-72.08197688843097,0.3390805852412389,57,13,0,0,0,4,0,3,0,0,0,3,1,0,1,1,0,0,0,0,0,0,0,0,0,0,0,0,0,0,0,0,0,0,0,0,0
-48.54294225880045,0.10260454768500622,39,12,0,0,0,2,3,1,0,0,0,0,0,1,3,0,0,0,0,0,0,0,0,0,0,0,0,0,0,0,0,0,0,0,0,0,0
-51.01181884671654,0.16756604410604703,61,13,0,0,0,5,3,1,0,0,0,0,1,0,3,2,0,0,0,0,0,0,0,0,0,0,0,0,0,0,0,0,0,0,0,0,0
-49.40149228869679,0.34630842814836427,24,9,0,0,0,1,0,1,0,0,0,0,0,3,1,1,0,0,0,0,0,0,0,0,0,0,0,0,0,0,0,0,0,0,0,0,0
-41.73405498140494,0.41820819835160994,30,6,0,0,0,5,3,2,0,0,0,0,0,1,1,1,0,0,0,0,0,0,0,0,0,0,0,0,0,0,0,0,0,0,0,0,0
-80.1905304767829,0.14580477380558862,66,12,0,0,0,4,0,2,0,0,0,3,1,0,2,1,0,0,0,0,0,0,0,0,0,0,0,0,0,0,0,0,0,0,0,0,0
-86.37027648602474,0.8333052485777969,76,5,0,0,0,1,1,1,0,0,0,0,3,3,2,2,0,0,0,0,0,0,0,0,0,0,0,0,0,0,0,0,0,0,0,0,0
-72.03501268269193,0.8376777213937688,69,3,0,0,0,2,1,2,0,0,0,2,0,3,2,0,0,0,0,0,0,0,0,0,0,0,0,0,0,0,0,0,0,0,0,0,0
-51.94829941281713,0.9261192893165322,71,13,0,0,0,0,1,2,0,0,0,3,2,2,1,2,0,0,0,0,0,0,0,0,0,0,0,0,0,0,0,0,0,0,0,0,0
-83.85877473570396,0.8929281249606565,30,13,0,0,0,2,3,1,0,0,0,3,1,1,1,1,0,0,0,0,0,0,0,0,0,0,0,0,0,0,0,0,0,0,0,0,0
-58.767744544544314,0.3773810833819895,61,3,0,0,0,4,3,1,0,0,0,0,3,3,3,2,0,0,0,0,0,0,0,0,0,0,0,0,0,0,0,0,0,0,0,0,0
-68.31778169465866,0.10500790912949652,44,9,0,0,0,1,0,0,0,0,0,0,0,0,1,0,0,0,0,0,0,0,0,0,0,0,0,0,0,0,0,0,0,0,0,0,0
-86.43435858596212,0.6328959552453561,79,9,0,0,0,2,1,2,0,0,0,3,3,3,3,0,0,0,0,0,0,0,0,0,0,0,0,0,0,0,0,0,0,0,0,0,0
