rssiMean,rssiVar,pktCount,beaconCount,probeCount,deauthCount,authCount,assocReqCount,assocRespCount,nullCount,uniqueDevices,uniqueAPs,uniqueClients,spoofEvents,bssidMismatchEvents,ssidImpersonationEvents,vendorIEAnomalyEvents,wpaIEAnomalyEvents,rsnAnomalyEvents,htCapabilitiesAnomalyEvents,wmmAnomalyEvents,beaconFloodEvents,probeFloodEvents,deauthFloodEvents,nullFloodEvents,authFloodEvents,assocFloodEvents,vendorSpecificSpamEvents,channelHopEvents,intervalAnomalyEvents,burstEvents,highRateEvents,veryHighRateEvents,longPresenceEvents,closeRangeEvents,veryCloseRangeEvents,label
-60.045389519238334,0.7455724048274817,698,745,414,0,5,4,3,379,59,12,30,0,0,0,0,0,0,0,0,13,20,0,9,0,0,8,0,0,0,11,3,0,0,0,1
-45.06915512367736,0.12356559211503051,682,531,393,0,2,3,3,366,75,16,16,0,0,0,0,0,0,0,0,18,13,0,5,0,0,9,0,0,0,9,2,0,0,0,1
-69.9660237179105,0.3294640283414094,1457,321,430,0,2,4,4,268,27,12,36,0,0,0,0,0,0,0,0,18,11,0,17,0,0,8,0,0,0,7,2,0,0,0,1
-66.78409856463762,0.10376341324129866,1928,512,212,0,5,4,2,217,27,5,19,0,0,0,0,0,0,0,0,20,8,0,6,0,0,1,0,0,0,15,7,0,0,0,1
-77.6317831056534,0.18731397877936812,907,216,235,0,2,1,5,116,23,9,22,0,0,0,0,0,0,0,0,12,18,0,9,0,0,1,0,0,0,11,8,0,0,0,1
-63.40165127032608,0.6739580484732824,896,713,362,0,4,3,1,215,29,9,28,0,0,0,0,0,0,0,0,5,18,0,9,0,0,9,0,0,0,8,2,0,0,0,1
-77.67962577072777,0.5812668136804946,1006,367,499,0,5,4,5,314,54,5,18,0,0,0,0,0,0,0,0,8,6,0,15,0,0,10,0,0,0,11,3,0,0,0,1
-53.371242813866075,0.9808849058359338,805,730,217,0,2,3,2,368,33,20,10,0,0,0,0,0,0,0,0,8,7,0,12,0,0,3,0,0,0,11,8,0,0,0,1
-58.222633624301935,0.4653338467782293,1528,740,558,0,5,5,1,195,26,18,19,0,0,0,0,0,0,0,0,8,18,0,14,0,0,7,0,0,0,5,6,0,0,0,1
-81.58754650642217,0.5399821873892499,940,289,333,0,5,5,1,362,78,6,26,0,0,0,0,0,0,0,0,17,12,0,18,0,0,2,0,0,0,7,7,0,0,0,1
-57.348564509993295,0.8749543678600752,1504,399,208,0,1,1,3,284,35,15,40,0,0,0,0,0,0,0,0,9,14,0,10,0,0,1,0,0,0,15,3,0,0,0,1
-51.1741833677951,0.19417579004883573,572,461,549,0,1,2,4,232,56,12,38,0,0,0,0,0,0,0,0,8,5,0,17,0,0,1,0,0,0,8,4,0,0,0,1
-75.49066769862699,0.9272433014085114,616,235,754,0,4,5,1,179,47,9,39,0,0,0,0,0,0,0,0,7,6,0,9,0,0,3,0,0,0,10,3,0,0,0,1
-82.63023765267846,0.197799449423662,1417,761,257,0,4,1,1,301,77,11,19,0,0,0,0,0,0,0,0,12,18,0,16,0,0,6,0,0,0,9,5,0,0,0,1
-62.42689893613937,0.7290576322124303,591,453,729,0,1,4,1,346,31,11,33,0,0,0,0,0,0,0,0,18,14,0,12,0,0,4,0,0,0,12,3,0,0,0,1
-73.60007846271029,0.8468903438903376,1182,554,298,0,1,4,2,176,70,10,28,0,0,0,0,0,0,0,0,18,14,0,16,0,0,5,0,0,0,12,2,0,0,0,1
-51.07168260194457,0.35282610430300054,1929,769,505,0,4,2,5,329,43,20,39,0,0,0,0,0,0,0,0,13,7,0,15,0,0,9,0,0,0,13,5,0,0,0,1
-80.50159783061878,0.9081687830236147,1768,228,483,0,5,2,4,335,58,11,39,0,0,0,0,0,0,0,0,12,10,0,20,0,0,8,0,0,0,11,8,0,0,0,1
-84.26161333907658,0.1697262287886162,776,239,504,0,4,2,4,345,67,6,38,0,0,0,0,0,0,0,0,20,14,0,9,0,0,6,0,0,0,8,3,0,0,0,1
-54.701402476951216,0.5551664526761595,1999,720,764,0,2,2,3,389,76,5,22,0,0,0,0,0,0,0,0,12,20,0,16,0,0,2,0,0,0,12,3,0,0,0,1
-73.0245391922426,0.4129142680868353,940,325,745,0,5,1,4,282,33,11,40,0,0,0,0,0,0,0,0,17,5,0,15,0,0,9,0,0,0,5,6,0,0,0,1
-63.49967392032711,0.9591769452306592,1322,332,655,0,4,5,4,148,79,11,36,0,0,0,0,0,0,0,0,5,15,0,11,0,0,4,0,0,0,5,2,0,0,0,1
-46.11402409590638,0.9362325200197581,1419,531,586,0,5,4,3,130,54,18,14,0,0,0,0,0,0,0,0,12,7,0,9,0,0,3,0,0,0,10,3,0,0,0,1
-60.62057931360741,0.5354555606824997,591,709,322,0,2,2,4,184,79,15,35,0,0,0,0,0,0,0,0,7,10,0,17,0,0,8,0,0,0,8,2,0,0,0,1
-69.83328755739316,0.5757489861635678,1406,350,310,0,4,5,3,198,75,12,28,0,0,0,0,0,0,0,0,13,13,0,11,0,0,2,0,0,0,8,2,0,0,0,1
-63.780371454809526,0.9030795853024242,1837,659,680,0,4,1,4,215,62,17,32,0,0,0,0,0,0,0,0,11,6,0,15,0,0,2,0,0,0,5,5,0,0,0,1
-76.3477851878928,0.7446699901271406,840,637,451,0,3,2,3,336,45,18,37,0,0,0,0,0,0,0,0,17,20,0,5,0,0,9,0,0,0,15,3,0,0,0,1
-75.20411344995082,0.32387029693316055,1249,511,764,0,2,2,5,115,28,7,21,0,0,0,0,0,0,0,0,10,20,0,8,0,0,2,0,0,0,12,8,0,0,0,1
-47.566465789057276,0.4301712497179052,754,614,630,0,1,3,1,221,40,12,17,0,0,0,0,0,0,0,0,17,14,0,6,0,0,2,0,0,0,15,8,0,0,0,1
-84.06017095296428,0.19779094005859005,1603,756,689,0,4,4,3,151,44,11,16,0,0,0,0,0,0,0,0,11,19,0,17,0,0,4,0,0,0,7,5,0,0,0,1
-60.284314628939526,0.1342202353080772,857,495,341,0,4,1,2,142,29,11,40,0,0,0,0,0,0,0,0,8,15,0,12,0,0,7,0,0,0,14,2,0,0,0,1
-51.11902716449207,0.8407422298835389,511,499,739,0,3,3,4,166,35,17,40,0,0,0,0,0,0,0,0,10,20,0,19,0,0,1,0,0,0,14,5,0,0,0,1
-82.25183468639233,0.5429819052489465,1138,604,463,0,4,5,3,109,62,20,17,0,0,0,0,0,0,0,0,8,17,0,9,0,0,3,0,0,0,13,5,0,0,0,1
-65.07331482827664,0.664064799749863,1782,625,204,0,5,4,2,219,32,6,22,0,0,0,0,0,0,0,0,11,7,0,17,0,0,6,0,0,0,10,8,0,0,0,1
-56.239334537324595,0.6866181501558348,1807,592,601,0,4,4,3,114,49,15,34,0,0,0,0,0,0,0,0,9,8,0,9,0,0,2,0,0,0,12,3,0,0,0,1
-74.69523413607405,0.20508488553684023,1511,536,452,0,3,1,5,276,39,8,27,0,0,0,0,0,0,0,0,15,16,0,13,0,0,10,0,0,0,8,5,0,0,0,1
-81.19082556319319,0.35921725844582353,823,375,473,0,2,1,1,173,38,14,25,0,0,0,0,0,0,0,0,7,8,0,13,0,0,2,0,0,0,5,8,0,0,0,1
-46.29834406588828,0.7453119272263132,935,436,666,0,3,3,1,244,44,8,33,0,0,0,0,0,0,0,0,7,19,0,11,0,0,9,0,0,0,9,5,0,0,0,1
-70.5389487402331,0.18940559701919235,1343,219,547,0,4,4,5,298,75,7,31,0,0,0,0,0,0,0,0,15,12,0,14,0,0,6,0,0,0,9,5,0,0,0,1
-78.68298449302571,0.4481498772080639,1464,690,492,0,1,3,1,252,78,16,24,0,0,0,0,0,0,0,0,6,11,0,16,0,0,2,0,0,0,8,2,0,0,0,1
-59.51435062665559,0.37212730040092723,1971,604,660,0,5,3,2,216,65,8,34,0,0,0,0,0,0,0,0,15,16,0,6,0,0,3,0,0,0,5,8,0,0,0,1
-80.99921534816227,0.7557189364024383,1445,590,315,0,1,5,4,335,49,18,12,0,0,0,0,0,0,0,0,11,14,0,9,0,0,10,0,0,0,6,3,0,0,0,1
-75.19670821496261,0.17672498435513695,1598,436,571,0,4,5,1,322,43,7,27,0,0,0,0,0,0,0,0,19,5,0,5,0,0,2,0,0,0,15,7,0,0,0,1
-45.506295984542945,0.7431187019348946,1417,747,666,0,5,1,1,206,63,16,22,0,0,0,0,0,0,0,0,11,6,0,16,0,0,9,0,0,0,14,3,0,0,0,1
-55.4617575601421,0.30202108693362845,757,795,311,0,4,5,5,337,75,13,40,0,0,0,0,0,0,0,0,13,11,0,13,0,0,7,0,0,0,12,7,0,0,0,1
-58.83502853237115,0.6242638826809229,1300,525,392,0,2,5,2,187,79,18,35,0,0,0,0,0,0,0,0,17,11,0,10,0,0,6,0,0,0,9,6,0,0,0,1
-54.06295990398425,0.3571543461402439,1559,425,766,0,2,2,1,325,75,7,30,0,0,0,0,0,0,0,0,12,14,0,13,0,0,1,0,0,0,12,5,0,0,0,1
-67.4282324108446,0.7940981827215039,1080,508,282,0,2,5,5,106,21,19,24,0,0,0,0,0,0,0,0,10,5,0,17,0,0,6,0,0,0,7,6,0,0,0,1
-84.07367585701456,0.8366501442054014,754,602,249,0,2,5,4,277,60,5,26,0,0,0,0,0,0,0,0,19,6,0,9,0,0,3,0,0,0,13,3,0,0,0,1
-50.917640615145324,0.7597410947260683,1387,450,551,0,5,2,5,148,56,6,28,0,0,0,0,0,0,0,0,9,6,0,17,0,0,4,0,0,0,15,5,0,0,0,1
-48.874716825854385,0.980012243044618,1538,215,557,0,3,1,5,282,34,11,33,0,0,0,0,0,0,0,0,11,15,0,18,0,0,6,0,0,0,6,3,0,0,0,1
-77.40070521727898,0.6579495378993422,1010,444,653,0,1,2,1,207,23,6,12,0,0,0,0,0,0,0,0,15,9,0,9,0,0,8,0,0,0,9,6,0,0,0,1
-53.24001154513822,0.43262048265564,1010,593,529,0,1,3,5,134,78,9,13,0,0,0,0,0,0,0,0,6,19,0,17,0,0,10,0,0,0,11,5,0,0,0,1
-63.13848884133064,0.2516532807668539,1150,447,405,0,3,4,1,265,55,16,20,0,0,0,0,0,0,0,0,18,11,0,14,0,0,4,0,0,0,7,8,0,0,0,1
-64.35920177818116,0.9144534304289714,1240,631,775,0,4,3,3,376,32,16,10,0,0,0,0,0,0,0,0,14,16,0,14,0,0,5,0,0,0,7,3,0,0,0,1
-58.78678917243438,0.36251544505381883,1090,434,605,0,5,2,1,275,46,16,35,0,0,0,0,0,0,0,0,18,6,0,17,0,0,3,0,0,0,5,5,0,0,0,1
-49.970386042360545,0.8705497184319908,1376,542,225,0,2,4,4,160,39,17,21,0,0,0,0,0,0,0,0,18,6,0,17,0,0,1,0,0,0,13,3,0,0,0,1
-45.25704086897519,0.7081690933583342,576,531,324,0,1,5,5,146,65,11,11,0,0,0,0,0,0,0,0,17,10,0,18,0,0,3,0,0,0,9,2,0,0,0,1
-75.52620406255707,0.5510511453413806,1144,255,700,0,4,5,3,370,28,8,40,0,0,0,0,0,0,0,0,5,18,0,20,0,0,10,0,0,0,15,3,0,0,0,1
-64.57289829346017,0.27534964375816134,1893,687,412,0,2,5,5,115,51,11,32,0,0,0,0,0,0,0,0,20,8,0,19,0,0,10,0,0,0,12,2,0,0,0,1
-74.03322239721011,0.1990661561763546,1880,586,406,0,5,4,5,126,50,5,11,0,0,0,0,0,0,0,0,14,10,0,16,0,0,8,0,0,0,15,2,0,0,0,1
-51.09016355132291,0.14035537806780735,1975,662,490,0,3,1,5,218,79,17,34,0,0,0,0,0,0,0,0,13,6,0,13,0,0,8,0,0,0,14,8,0,0,0,1
-66.778770067442,0.7007731087033513,663,272,377,0,1,1,1,373,57,14,35,0,0,0,0,0,0,0,0,12,10,0,7,0,0,1,0,0,0,8,2,0,0,0,1
-68.79230077830533,0.31823280603690934,503,671,366,0,5,4,1,240,29,13,13,0,0,0,0,0,0,0,0,10,11,0,15,0,0,9,0,0,0,9,8,0,0,0,1
-55.796968125132835,0.9477409805764081,1771,669,546,0,2,1,4,189,52,13,21,0,0,0,0,0,0,0,0,5,14,0,19,0,0,6,0,0,0,11,3,0,0,0,1
-52.33133780134349,0.5209423380038493,515,512,525,0,3,1,2,120,74,19,15,0,0,0,0,0,0,0,0,11,7,0,11,0,0,4,0,0,0,8,6,0,0,0,1
-53.46308057745521,0.7637993593698752,1488,772,375,0,5,3,5,328,49,8,32,0,0,0,0,0,0,0,0,6,13,0,13,0,0,6,0,0,0,8,6,0,0,0,1
-48.51275235154621,0.47400804707576794,992,610,430,0,2,4,2,316,42,6,22,0,0,0,0,0,0,0,0,5,18,0,18,0,0,9,0,0,0,8,3,0,0,0,1
-84.05394109250855,0.8683904453690134,1647,275,374,0,4,3,5,280,57,11,17,0,0,0,0,0,0,0,0,5,7,0,7,0,0,7,0,0,0,12,7,0,0,0,1
-66.62834245280348,0.11988295747032739,531,410,459,0,5,2,3,301,28,17,24,0,0,0,0,0,0,0,0,5,6,0,9,0,0,10,0,0,0,10,4,0,0,0,1
-81.32110532692117,0.5490013817970172,868,344,518,0,2,4,4,208,33,11,22,0,0,0,0,0,0,0,0,6,16,0,10,0,0,1,0,0,0,8,7,0,0,0,1
-56.71381068058602,0.3377439259895083,1114,726,349,0,2,3,5,158,38,15,11,0,0,0,0,0,0,0,0,17,12,0,12,0,0,8,0,0,0,15,2,0,0,0,1
-62.04740623714424,0.5737444288790399,1045,730,377,0,2,4,4,284,69,13,40,0,0,0,0,0,0,0,0,16,5,0,10,0,0,7,0,0,0,13,4,0,0,0,1
-67.46502345040668,0.8380494942489719,1479,360,328,0,4,5,1,354,24,18,31,0,0,0,0,0,0,0,0,10,10,0,5,0,0,7,0,0,0,9,3,0,0,0,1
-73.20493521529765,0.3347797592638792,691,310,757,0,1,1,1,340,41,6,27,0,0,0,0,0,0,0,0,10,7,0,10,0,0,5,0,0,0,10,7,0,0,0,1
-77.52144803705605,0.390964791226069,1014,708,529,0,5,4,5,343,38,18,22,0,0,0,0,0,0,0,0,17,9,0,15,0,0,1,0,0,0,7,4,0,0,0,1
-81.77441615817595,0.2569539489965455,959,339,460,0,3,3,4,151,55,16,32,0,0,0,0,0,0,0,0,14,6,0,8,0,0,7,0,0,0,11,3,0,0,0,1
-84.07873450753387,0.6792129797328637,556,253,704,0,1,1,4,115,44,12,31,0,0,0,0,0,0,0,0,6,9,0,16,0,0,2,0,0,0,14,6,0,0,0,1
-56.2504213167297,0.10911415923920129,1824,648,766,0,1,3,3,363,25,18,27,0,0,0,0,0,0,0,0,6,14,0,5,0,0,8,0,0,0,7,7,0,0,0,1
-79.4086800573221,0.18965893637682932,1696,596,604,0,4,5,2,296,20,15,37,0,0,0,0,0,0,0,0,12,17,0,19,0,0,8,0,0,0,11,7,0,0,0,1
-62.78781303829925,0.4735186871579955,849,695,622,0,4,3,1,230,46,12,28,0,0,0,0,0,0,0,0,11,19,0,19,0,0,10,0,0,0,10,2,0,0,0,1
-82.43298088961313,0.9682900680059275,1968,255,501,0,3,4,4,111,44,13,34,0,0,0,0,0,0,0,0,16,10,0,18,0,0,1,0,0,0,15,4,0,0,0,1
-83.440181741906,0.1051116178823447,818,283,556,0,4,2,4,262,51,18,11,0,0,0,0,0,0,0,0,13,7,0,5,0,0,5,0,0,0,10,2,0,0,0,1
-51.93899293739066,0.11001585691257897,635,718,633,0,3,5,5,256,54,19,10,0,0,0,0,0,0,0,0,12,16,0,16,0,0,6,0,0,0,12,4,0,0,0,1
-60.2379691275067,0.5543376110670855,1412,585,691,0,3,1,5,345,22,13,10,0,0,0,0,0,0,0,0,19,14,0,6,0,0,9,0,0,0,7,5,0,0,0,1
-63.0568775290955,0.9940386513692189,952,548,527,0,2,4,3,291,68,7,34,0,0,0,0,0,0,0,0,16,17,0,7,0,0,10,0,0,0,5,8,0,0,0,1
-55.610451998738185,0.6170845873995877,946,545,799,0,2,1,1,145,37,8,12,0,0,0,0,0,0,0,0,16,5,0,16,0,0,3,0,0,0,10,3,0,0,0,1
-71.56634399350021,0.24931473163074067,810,687,284,0,2,4,2,155,45,14,21,0,0,0,0,0,0,0,0,20,7,0,19,0,0,9,0,0,0,12,8,0,0,0,1
-80.95663436405357,0.17802140035980235,1962,506,595,0,5,3,4,100,22,18,27,0,0,0,0,0,0,0,0,8,8,0,19,0,0,9,0,0,0,6,2,0,0,0,1
-54.43539360954089,0.5602559038864979,730,597,502,0,2,4,5,370,44,20,21,0,0,0,0,0,0,0,0,16,19,0,10,0,0,5,0,0,0,9,4,0,0,0,1
-76.37319510563923,0.8480713979729668,1154,556,269,0,2,5,2,298,67,11,21,0,0,0,0,0,0,0,0,19,16,0,11,0,0,3,0,0,0,6,2,0,0,0,1
-70.80871522492123,0.24835008005238549,627,213,289,0,4,3,3,304,41,14,13,0,0,0,0,0,0,0,0,16,18,0,14,0,0,2,0,0,0,14,4,0,0,0,1
-65.84222384904726,0.9785869357423645,1051,398,517,0,5,2,2,231,79,10,26,0,0,0,0,0,0,0,0,18,5,0,12,0,0,6,0,0,0,11,6,0,0,0,1
-70.50653954719641,0.5451125038458976,1491,720,236,0,3,5,4,233,22,14,38,0,0,0,0,0,0,0,0,8,19,0,14,0,0,7,0,0,0,5,6,0,0,0,1
-84.31015670152665,0.7474030872692389,719,456,641,0,1,5,3,130,75,9,29,0,0,0,0,0,0,0,0,8,11,0,15,0,0,6,0,0,0,8,2,0,0,0,1
-62.89731980895293,0.8240716451343542,1912,360,787,0,2,3,2,219,73,8,38,0,0,0,0,0,0,0,0,12,8,0,18,0,0,3,0,0,0,6,2,0,0,0,1
-53.94311226949256,0.5767905298202887,1365,800,464,0,2,2,5,116,66,12,29,0,0,0,0,0,0,0,0,16,6,0,15,0,0,7,0,0,0,15,7,0,0,0,1
-51.332911442985946,0.1624550367969246,851,537,599,0,2,2,4,292,41,6,14,0,0,0,0,0,0,0,0,18,8,0,5,0,0,9,0,0,0,8,5,0,0,0,1
-67.77523797427882,0.9582533421719058,569,210,392,0,1,2,1,134,31,13,38,0,0,0,0,0,0,0,0,16,10,0,16,0,0,9,0,0,0,9,7,0,0,0,1
-63.548515325399165,0.16754423072374375,1624,687,675,0,1,4,4,102,65,19,27,0,0,0,0,0,0,0,0,12,13,0,13,0,0,10,0,0,0,14,6,0,0,0,1
-67.45917248356321,0.36983835083119,1736,782,317,0,4,2,3,293,36,6,20,0,0,0,0,0,0,0,0,13,12,0,15,0,0,7,0,0,0,14,3,0,0,0,1
-63.48757718097181,0.28695688756118054,1921,675,759,0,5,3,4,372,50,17,34,0,0,0,0,0,0,0,0,13,16,0,11,0,0,8,0,0,0,12,7,0,0,0,1
-70.8414605732045,0.4052280644503109,1517,561,764,0,5,1,1,183,50,11,31,0,0,0,0,0,0,0,0,7,17,0,17,0,0,9,0,0,0,10,3,0,0,0,1
-57.70816208284176,0.6456380642536805,888,634,316,0,3,2,3,175,54,19,34,0,0,0,0,0,0,0,0,17,11,0,18,0,0,7,0,0,0,12,6,0,0,0,1
-60.650688559700455,0.5517766007193714,941,407,791,0,1,1,3,218,40,12,29,0,0,0,0,0,0,0,0,14,20,0,15,0,0,5,0,0,0,13,5,0,0,0,1
-77.2600705505798,0.44067741113277437,681,774,354,0,4,4,2,128,58,15,24,0,0,0,0,0,0,0,0,13,12,0,13,0,0,4,0,0,0,8,4,0,0,0,1
-74.20289716030823,0.2840496878789554,548,684,526,0,1,4,1,340,25,7,21,0,0,0,0,0,0,0,0,11,5,0,15,0,0,7,0,0,0,6,7,0,0,0,1
-67.7580767021605,0.3443636989300034,819,408,565,0,4,3,1,287,52,14,37,0,0,0,0,0,0,0,0,18,16,0,10,0,0,2,0,0,0,14,4,0,0,0,1
-68.26034472977453,0.3114656701678696,1562,626,306,0,2,1,4,152,57,20,18,0,0,0,0,0,0,0,0,10,12,0,8,0,0,8,0,0,0,5,4,0,0,0,1
-52.81958451832432,0.423523562474565,1822,376,723,0,4,3,2,234,77,8,18,0,0,0,0,0,0,0,0,17,6,0,19,0,0,5,0,0,0,10,7,0,0,0,1
-56.26730502884461,0.13966944089261302,1326,313,333,0,4,2,3,335,25,19,21,0,0,0,0,0,0,0,0,8,16,0,19,0,0,1,0,0,0,15,5,0,0,0,1
-57.57602999415763,0.8085437592789947,923,525,712,0,2,5,1,200,78,7,18,0,0,0,0,0,0,0,0,10,8,0,16,0,0,7,0,0,0,7,4,0,0,0,1
-45.9725520511416,0.8309727747907305,1823,301,457,0,1,5,2,343,70,15,36,0,0,0,0,0,0,0,0,10,15,0,7,0,0,10,0,0,0,10,8,0,0,0,1
-77.45368252796428,0.4075966536702845,1962,606,218,0,1,3,5,138,41,12,17,0,0,0,0,0,0,0,0,16,11,0,19,0,0,5,0,0,0,10,8,0,0,0,1
-78.4837753599076,0.940370281612809,1875,392,423,0,3,4,1,232,47,7,21,0,0,0,0,0,0,0,0,16,13,0,7,0,0,5,0,0,0,6,4,0,0,0,1
-83.38322509545712,0.45880859130379315,1584,522,764,0,4,1,3,284,35,11,30,0,0,0,0,0,0,0,0,8,10,0,15,0,0,6,0,0,0,7,8,0,0,0,1
-48.05080098152152,0.4695983823816633,1019,539,792,0,5,4,3,192,79,19,29,0,0,0,0,0,0,0,0,19,9,0,11,0,0,10,0,0,0,15,6,0,0,0,1
-75.99277416766917,0.2635409848629973,1870,623,546,0,2,3,1,315,39,13,31,0,0,0,0,0,0,0,0,18,14,0,10,0,0,6,0,0,0,8,5,0,0,0,1
-70.37991443446433,0.20379638734109373,591,361,365,0,4,4,5,149,28,15,17,0,0,0,0,0,0,0,0,5,18,0,16,0,0,5,0,0,0,5,2,0,0,0,1
-47.90753669815443,0.6967328090865466,1987,217,698,0,1,2,4,390,68,14,24,0,0,0,0,0,0,0,0,13,6,0,16,0,0,1,0,0,0,5,3,0,0,0,1
-68.08246600228807,0.229371108139233,538,293,687,0,5,2,1,277,51,5,21,0,0,0,0,0,0,0,0,7,12,0,8,0,0,4,0,0,0,14,2,0,0,0,1
-51.928329764340006,0.7027353018898475,1888,313,419,0,3,4,5,374,72,7,18,0,0,0,0,0,0,0,0,13,12,0,7,0,0,8,0,0,0,12,3,0,0,0,1
-66.30621884486082,0.6644962491961678,818,482,601,0,3,2,5,319,66,14,36,0,0,0,0,0,0,0,0,15,6,0,5,0,0,3,0,0,0,6,2,0,0,0,1
-64.19948387773891,0.6922915907764475,1980,316,503,0,4,1,4,146,71,14,30,0,0,0,0,0,0,0,0,19,9,0,8,0,0,4,0,0,0,10,6,0,0,0,1
-78.75970557322819,0.6138375275374595,1173,643,676,0,5,1,4,255,54,15,34,0,0,0,0,0,0,0,0,18,9,0,11,0,0,2,0,0,0,9,5,0,0,0,1
-46.39212137831433,0.24267923113306666,898,680,402,0,1,3,1,312,38,14,16,0,0,0,0,0,0,0,0,18,10,0,8,0,0,8,0,0,0,5,5,0,0,0,1
-51.24823634248475,0.35629272020966973,1014,291,390,0,2,5,5,149,34,14,32,0,0,0,0,0,0,0,0,13,6,0,6,0,0,3,0,0,0,9,7,0,0,0,1
-46.85785325912828,0.7284701066432427,1158,680,734,0,5,4,4,335,33,18,12,0,0,0,0,0,0,0,0,14,18,0,16,0,0,8,0,0,0,6,4,0,0,0,1
-58.42693971210722,0.5789961562018772,1294,564,291,0,5,1,4,276,44,6,30,0,0,0,0,0,0,0,0,7,9,0,5,0,0,5,0,0,0,14,2,0,0,0,1
-83.61840931987294,0.7804986910729217,1285,637,462,0,4,3,1,169,66,18,27,0,0,0,0,0,0,0,0,18,13,0,14,0,0,9,0,0,0,8,2,0,0,0,1
-52.53036351174476,0.2788815178960222,1947,563,552,0,5,2,1,390,75,6,11,0,0,0,0,0,0,0,0,19,15,0,20,0,0,2,0,0,0,7,3,0,0,0,1
-58.278852841397565,0.38238746435743065,1262,795,379,0,5,2,3,173,70,17,39,0,0,0,0,0,0,0,0,19,20,0,5,0,0,7,0,0,0,9,8,0,0,0,1
-74.62268920528706,0.9968817489339775,1895,567,501,0,2,4,1,354,61,12,39,0,0,0,0,0,0,0,0,8,6,0,18,0,0,6,0,0,0,7,4,0,0,0,1
-71.07536980194367,0.3734822582331895,1869,507,346,0,4,3,2,159,74,19,34,0,0,0,0,0,0,0,0,7,14,0,20,0,0,1,0,0,0,10,7,0,0,0,1
-48.00578114379299,0.6817031945692866,1687,277,503,0,5,4,3,375,74,12,40,0,0,0,0,0,0,0,0,15,19,0,15,0,0,3,0,0,0,13,8,0,0,0,1
-54.391835304182266,0.5437398308418712,1347,688,314,0,3,5,5,276,35,6,38,0,0,0,0,0,0,0,0,11,6,0,10,0,0,5,0,0,0,5,5,0,0,0,1
-67.4529098018452,0.31412437530986725,1748,681,431,0,3,2,5,349,28,15,12,0,0,0,0,0,0,0,0,18,15,0,14,0,0,4,0,0,0,11,6,0,0,0,1
-50.188371524018905,0.10186969378854797,554,663,571,0,2,3,5,128,32,18,38,0,0,0,0,0,0,0,0,10,9,0,13,0,0,1,0,0,0,5,5,0,0,0,1
-84.38674413953352,0.6877248430930636,765,263,245,0,2,1,4,266,51,10,19,0,0,0,0,0,0,0,0,11,20,0,9,0,0,2,0,0,0,14,4,0,0,0,1
-54.0106357521525,0.9828824514572512,924,662,430,0,4,3,5,392,57,19,30,0,0,0,0,0,0,0,0,9,16,0,19,0,0,5,0,0,0,12,4,0,0,0,1
-72.63346198171052,0.6166854394194561,1063,205,745,0,2,4,5,161,66,10,18,0,0,0,0,0,0,0,0,17,9,0,7,0,0,7,0,0,0,14,4,0,0,0,1
-68.15980766773271,0.4229607860362229,1603,720,230,0,5,3,1,183,42,17,35,0,0,0,0,0,0,0,0,11,20,0,12,0,0,9,0,0,0,10,3,0,0,0,1
-45.61690632165065,0.5113765448845633,1023,660,565,0,5,2,5,392,28,5,39,0,0,0,0,0,0,0,0,14,20,0,8,0,0,2,0,0,0,8,7,0,0,0,1
-79.9890163696232,0.8308107569837007,1163,505,564,0,4,2,4,238,69,12,15,0,0,0,0,0,0,0,0,9,5,0,11,0,0,1,0,0,0,15,5,0,0,0,1
-66.84859031420042,0.21357206700182624,1044,498,618,0,1,4,1,264,51,6,22,0,0,0,0,0,0,0,0,8,16,0,10,0,0,9,0,0,0,12,2,0,0,0,1
-78.99414123011273,0.22813711883124987,1247,249,367,0,5,2,3,234,34,5,31,0,0,0,0,0,0,0,0,17,11,0,19,0,0,6,0,0,0,5,4,0,0,0,1
-61.93473205368481,0.35604440243064006,1789,777,438,0,3,1,1,110,79,12,12,0,0,0,0,0,0,0,0,8,11,0,8,0,0,1,0,0,0,7,5,0,0,0,1
-55.0638471846554,0.5144344363425628,921,359,436,0,4,1,4,232,46,5,30,0,0,0,0,0,0,0,0,11,15,0,7,0,0,3,0,0,0,6,7,0,0,0,1
-81.23765247834768,0.7970410624675175,681,433,414,0,2,1,2,205,52,10,38,0,0,0,0,0,0,0,0,11,12,0,20,0,0,7,0,0,0,13,2,0,0,0,1
-64.98247183954203,0.10103654184385638,1197,210,780,0,5,2,2,240,70,16,21,0,0,0,0,0,0,0,0,5,13,0,7,0,0,2,0,0,0,14,4,0,0,0,1
-78.143102255243,0.3637353724289456,1511,668,497,0,5,2,5,192,67,15,16,0,0,0,0,0,0,0,0,6,11,0,10,0,0,4,0,0,0,9,7,0,0,0,1
-45.31732014481449,0.12576674789777006,984,454,201,0,4,2,4,399,47,18,28,0,0,0,0,0,0,0,0,7,6,0,7,0,0,3,0,0,0,6,5,0,0,0,1
-70.61453862655588,0.5613008899118669,1232,491,442,0,3,3,1,153,78,20,20,0,0,0,0,0,0,0,0,19,11,0,19,0,0,3,0,0,0,7,5,0,0,0,1
-69.45837894503009,0.3427682865713427,700,344,663,0,3,5,1,289,30,6,34,0,0,0,0,0,0,0,0,5,6,0,13,0,0,9,0,0,0,10,4,0,0,0,1
-48.30577563942366,0.8175304760195401,1577,395,642,0,5,2,5,232,66,18,19,0,0,0,0,0,0,0,0,9,19,0,9,0,0,7,0,0,0,7,7,0,0,0,1
-65.25299664684904,0.737204531075763,591,270,408,0,5,4,3,320,40,6,21,0,0,0,0,0,0,0,0,19,16,0,14,0,0,7,0,0,0,10,5,0,0,0,1
-60.42737435543485,0.49055351270317193,1094,386,456,0,1,1,4,241,30,11,20,0,0,0,0,0,0,0,0,8,6,0,9,0,0,6,0,0,0,14,3,0,0,0,1
-84.18205771970557,0.6467752727952765,1100,375,634,0,3,5,1,285,61,13,34,0,0,0,0,0,0,0,0,8,5,0,19,0,0,1,0,0,0,14,7,0,0,0,1
-68.60758072434331,0.6330835016272551,675,653,514,0,3,5,2,170,48,12,31,0,0,0,0,0,0,0,0,18,13,0,16,0,0,2,0,0,0,14,6,0,0,0,1
-57.79253691813111,0.2286621637136568,1465,417,434,0,3,1,1,280,46,18,23,0,0,0,0,0,0,0,0,11,15,0,13,0,0,5,0,0,0,15,2,0,0,0,1
-83.01895973104095,0.37667114953137426,1579,631,431,0,1,3,3,277,33,6,34,0,0,0,0,0,0,0,0,5,17,0,5,0,0,1,0,0,0,15,5,0,0,0,1
-59.568377880944816,0.7097020746413931,1827,214,376,0,4,3,3,235,45,15,12,0,0,0,0,0,0,0,0,17,18,0,19,0,0,10,0,0,0,7,5,0,0,0,1
-58.79531568179175,0.9378493457476657,1922,727,416,0,1,5,3,117,31,10,21,0,0,0,0,0,0,0,0,13,7,0,16,0,0,9,0,0,0,9,7,0,0,0,1
-54.822396673812605,0.8019145179183546,1075,629,225,0,5,2,1,173,47,12,40,0,0,0,0,0,0,0,0,20,9,0,16,0,0,5,0,0,0,7,4,0,0,0,1
-61.63511456484912,0.7504928375022416,1001,715,325,0,4,1,5,223,57,20,35,0,0,0,0,0,0,0,0,18,9,0,19,0,0,7,0,0,0,11,7,0,0,0,1
-47.664109022175964,0.46026461434335453,1149,767,279,0,4,2,2,395,60,13,12,0,0,0,0,0,0,0,0,10,12,0,16,0,0,8,0,0,0,12,7,0,0,0,1
-63.10382686487368,0.21119361380459767,834,382,731,0,5,3,1,393,58,10,34,0,0,0,0,0,0,0,0,10,6,0,9,0,0,4,0,0,0,10,2,0,0,0,1
-84.37997901476014,0.8936828970876199,1108,694,272,0,3,5,4,378,47,6,22,0,0,0,0,0,0,0,0,13,13,0,15,0,0,3,0,0,0,14,2,0,0,0,1
-49.78528140451048,0.8294531382461541,1942,453,787,0,2,1,2,203,50,8,32,0,0,0,0,0,0,0,0,12,11,0,7,0,0,8,0,0,0,10,8,0,0,0,1
-70.28634167300407,0.9860321279853356,1099,492,787,0,3,3,5,291,65,6,33,0,0,0,0,0,0,0,0,10,6,0,19,0,0,2,0,0,0,10,4,0,0,0,1
-45.77534157819344,0.9910582924809294,993,542,466,0,3,2,4,345,42,7,38,0,0,0,0,0,0,0,0,17,19,0,14,0,0,2,0,0,0,9,2,0,0,0,1
-48.15252672733087,0.4608523293685963,707,636,641,0,3,4,4,154,78,12,39,0,0,0,0,0,0,0,0,7,12,0,14,0,0,10,0,0,0,13,2,0,0,0,1
-59.37971183834236,0.23827382649084666,1701,234,657,0,5,2,2,388,30,14,24,0,0,0,0,0,0,0,0,13,7,0,19,0,0,3,0,0,0,13,3,0,0,0,1
-48.63399443732704,0.2816540735645273,1232,420,597,0,5,4,1,250,62,11,25,0,0,0,0,0,0,0,0,9,5,0,12,0,0,6,0,0,0,7,2,0,0,0,1
-69.58842836249966,0.3264404737857551,1120,769,213,0,1,2,4,116,61,11,33,0,0,0,0,0,0,0,0,19,20,0,18,0,0,2,0,0,0,7,2,0,0,0,1
-72.10309363821915,0.8006390498655455,549,562,739,0,2,2,4,375,79,10,34,0,0,0,0,0,0,0,0,7,17,0,6,0,0,8,0,0,0,9,8,0,0,0,1
-72.00009363430627,0.8448434932579248,653,395,661,0,1,5,4,197,52,13,35,0,0,0,0,0,0,0,0,14,10,0,18,0,0,6,0,0,0,12,3,0,0,0,1
-79.45429329416879,0.5727264905353104,950,334,350,0,2,3,1,293,58,8,28,0,0,0,0,0,0,0,0,5,13,0,15,0,0,3,0,0,0,12,5,0,0,0,1
-51.56442608845419,0.7083920652507572,973,671,328,0,5,3,3,334,60,19,22,0,0,0,0,0,0,0,0,9,9,0,11,0,0,8,0,0,0,13,2,0,0,0,1
-49.642034502299566,0.7985720287065828,1651,278,613,0,5,4,5,222,24,17,21,0,0,0,0,0,0,0,0,12,13,0,19,0,0,8,0,0,0,15,2,0,0,0,1
-70.50099438245611,0.9588393259161523,945,217,575,0,4,1,2,169,40,12,11,0,0,0,0,0,0,0,0,19,12,0,9,0,0,3,0,0,0,8,2,0,0,0,1
-49.54894491028045,0.7847480043617205,1272,739,260,0,1,4,2,369,40,7,17,0,0,0,0,0,0,0,0,14,8,0,9,0,0,3,0,0,0,11,3,0,0,0,1
-79.71863520460099,0.7247310086042661,1498,710,588,0,5,3,1,237,47,20,39,0,0,0,0,0,0,0,0,14,13,0,5,0,0,1,0,0,0,10,7,0,0,0,1
-69.33293192325955,0.3483865479335583,1167,346,657,0,4,3,5,362,37,9,16,0,0,0,0,0,0,0,0,9,7,0,11,0,0,4,0,0,0,14,8,0,0,0,1
-76.93660525179943,0.55609357879812,900,259,273,0,5,3,3,258,36,5,31,0,0,0,0,0,0,0,0,17,9,0,20,0,0,8,0,0,0,11,5,0,0,0,1
-79.9706503504434,0.22651837131052716,1579,361,694,0,1,1,4,259,65,11,13,0,0,0,0,0,0,0,0,13,9,0,8,0,0,3,0,0,0,12,5,0,0,0,1
-50.116242637547714,0.3680140543864495,654,548,588,0,5,1,4,357,23,10,29,0,0,0,0,0,0,0,0,11,12,0,9,0,0,8,0,0,0,13,4,0,0,0,1
-53.970479903124094,0.6071710456451617,718,606,731,0,4,5,1,397,76,11,19,0,0,0,0,0,0,0,0,7,6,0,16,0,0,6,0,0,0,13,5,0,0,0,1
-69.63942476337802,0.26865301211993703,605,418,640,0,2,3,5,260,71,15,19,0,0,0,0,0,0,0,0,14,16,0,19,0,0,1,0,0,0,11,3,0,0,0,1
-69.75768545819375,0.10530893651162976,1956,259,794,0,2,1,1,118,22,20,24,0,0,0,0,0,0,0,0,12,15,0,12,0,0,5,0,0,0,7,3,0,0,0,1
-82.16837441887964,0.7998814788832684,1081,706,668,0,1,4,3,165,35,18,30,0,0,0,0,0,0,0,0,13,19,0,14,0,0,5,0,0,0,5,8,0,0,0,1
-48.004579969903915,0.20163517315325552,1510,681,761,0,4,3,2,254,76,13,34,0,0,0,0,0,0,0,0,13,14,0,9,0,0,1,0,0,0,6,5,0,0,0,1
-58.65998941636812,0.4089883358363319,1062,272,330,0,2,3,4,239,78,14,31,0,0,0,0,0,0,0,0,10,7,0,15,0,0,7,0,0,0,9,4,0,0,0,1
-64.96795840789545,0.4569115073915929,725,759,403,0,2,2,3,345,72,16,14,0,0,0,0,0,0,0,0,14,20,0,16,0,0,2,0,0,0,8,2,0,0,0,1
-68.11112263162202,0.2058757127933707,1046,300,385,0,4,5,4,160,69,11,25,0,0,0,0,0,0,0,0,18,7,0,9,0,0,6,0,0,0,14,5,0,0,0,1
-78.16987869435836,0.8601987690057222,1645,667,752,0,2,5,1,359,51,18,35,0,0,0,0,0,0,0,0,13,12,0,18,0,0,1,0,0,0,13,5,0,0,0,1
-62.98056264714734,0.9101315171410804,1189,708,262,0,4,3,3,396,37,15,31,0,0,0,0,0,0,0,0,6,5,0,19,0,0,4,0,0,0,11,7,0,0,0,1
-56.16383326133821,0.5242387240504577,917,554,747,0,5,1,4,221,53,17,19,0,0,0,0,0,0,0,0,18,9,0,19,0,0,5,0,0,0,9,2,0,0,0,1
-47.860389263563796,0.5751249612616931,1454,225,476,0,3,5,1,119,26,9,16,0,0,0,0,0,0,0,0,18,9,0,8,0,0,10,0,0,0,12,7,0,0,0,1
-66.47177907409818,0.6743064392529619,1878,418,501,0,4,2,2,336,72,6,11,0,0,0,0,0,0,0,0,8,5,0,13,0,0,9,0,0,0,8,6,0,0,0,1
-82.94181456771017,0.8258105123167565,759,492,619,0,2,2,3,319,41,13,22,0,0,0,0,0,0,0,0,9,20,0,12,0,0,6,0,0,0,14,8,0,0,0,1
-73.82113962504458,0.2921198851918927,695,641,672,0,2,1,2,390,80,14,34,0,0,0,0,0,0,0,0,10,16,0,11,0,0,2,0,0,0,10,8,0,0,0,1
-46.52090265925403,0.5330901502327842,1096,292,651,0,1,5,4,117,64,12,10,0,0,0,0,0,0,0,0,13,10,0,20,0,0,3,0,0,0,13,5,0,0,0,1
-62.98244162559477,0.2447793212017883,1254,341,625,0,3,1,4,209,27,7,28,0,0,0,0,0,0,0,0,10,12,0,6,0,0,3,0,0,0,8,4,0,0,0,1
-82.16798276013941,0.4354315874140533,1167,234,209,0,5,3,4,205,32,19,19,0,0,0,0,0,0,0,0,7,20,0,15,0,0,5,0,0,0,14,5,0,0,0,1
-67.20740669402974,0.14005644499706532,639,637,678,0,3,1,3,182,54,14,19,0,0,0,0,0,0,0,0,11,11,0,15,0,0,4,0,0,0,11,4,0,0,0,1
-73.31039542849143,0.5549562902232903,1578,348,352,0,5,3,5,246,36,15,13,0,0,0,0,0,0,0,0,18,13,0,20,0,0,5,0,0,0,12,8,0,0,0,1
-75.06690079006425,0.8987686886116648,1172,432,731,0,3,1,1,185,45,5,36,0,0,0,0,0,0,0,0,12,5,0,10,0,0,8,0,0,0,10,3,0,0,0,1
-78.21102855926888,0.11358222271156944,521,536,361,0,4,1,2,281,66,19,26,0,0,0,0,0,0,0,0,15,17,0,19,0,0,10,0,0,0,7,3,0,0,0,1
-58.53352025807888,0.7766036246146376,1843,618,257,0,2,4,2,255,29,18,24,0,0,0,0,0,0,0,0,19,7,0,14,0,0,3,0,0,0,6,7,0,0,0,1
-52.6892627587965,0.6678703529457307,941,425,719,0,3,5,2,316,80,9,12,0,0,0,0,0,0,0,0,10,5,0,17,0,0,1,0,0,0,14,6,0,0,0,1
-54.563791199488875,0.6894411544282653,1923,769,248,0,3,1,2,344,72,6,31,0,0,0,0,0,0,0,0,16,5,0,15,0,0,3,0,0,0,9,4,0,0,0,1
-82.00218911176572,0.5337246812798394,1838,469,444,0,5,2,3,274,29,7,34,0,0,0,0,0,0,0,0,10,8,0,15,0,0,7,0,0,0,15,8,0,0,0,1
-68.87632211603197,0.13236944957467284,1870,544,561,0,1,3,2,260,71,5,18,0,0,0,0,0,0,0,0,18,6,0,12,0,0,7,0,0,0,13,5,0,0,0,1
-61.047339475820294,0.43564855021586435,660,440,596,0,1,4,3,297,20,15,21,0,0,0,0,0,0,0,0,20,16,0,19,0,0,4,0,0,0,11,7,0,0,0,1
-74.14651747484132,0.7374028964229676,1985,294,546,0,2,5,5,357,78,6,37,0,0,0,0,0,0,0,0,5,5,0,12,0,0,7,0,0,0,6,7,0,0,0,1
-69.18398012417151,0.6659630177718597,663,319,609,0,2,2,1,286,46,12,10,0,0,0,0,0,0,0,0,14,5,0,5,0,0,2,0,0,0,5,5,0,0,0,1
-78.39588769884483,0.6081560729771407,1936,374,233,0,1,4,4,192,54,11,16,0,0,0,0,0,0,0,0,13,9,0,5,0,0,5,0,0,0,8,6,0,0,0,1
-51.55566875663582,0.9043542140726265,1519,367,451,0,5,1,2,179,66,20,33,0,0,0,0,0,0,0,0,8,16,0,12,0,0,3,0,0,0,10,5,0,0,0,1
-65.81961730526132,0.9927540751381809,672,661,345,0,1,4,2,137,69,6,30,0,0,0,0,0,0,0,0,8,17,0,5,0,0,7,0,0,0,9,6,0,0,0,1
-67.47475548810927,0.30197909686221264,590,380,246,0,2,3,2,257,24,15,11,0,0,0,0,0,0,0,0,13,11,0,15,0,0,6,0,0,0,11,6,0,0,0,1
-82.57684242214488,0.5763190212216945,830,336,216,0,3,5,2,128,53,16,35,0,0,0,0,0,0,0,0,10,17,0,9,0,0,1,0,0,0,7,8,0,0,0,1
-69.53646563647123,0.40540981033213896,1046,241,344,0,3,4,2,333,68,10,15,0,0,0,0,0,0,0,0,12,6,0,5,0,0,10,0,0,0,5,2,0,0,0,1
-66.51628454554987,0.7637494244504582,956,345,340,0,1,3,3,389,27,10,38,0,0,0,0,0,0,0,0,20,9,0,20,0,0,5,0,0,0,6,4,0,0,0,1
-84.50521357177062,0.5815698949626062,1855,342,641,0,3,4,1,351,20,11,21,0,0,0,0,0,0,0,0,12,18,0,12,0,0,9,0,0,0,15,7,0,0,0,1
-53.3107640155156,0.7168780386107817,531,412,605,0,5,2,1,215,40,17,30,0,0,0,0,0,0,0,0,10,5,0,9,0,0,10,0,0,0,14,8,0,0,0,1
-84.71042896014742,0.15237212902275446,1821,230,340,0,5,2,3,313,25,15,12,0,0,0,0,0,0,0,0,11,7,0,10,0,0,4,0,0,0,8,7,0,0,0,1
-69.89785939015924,0.30577023303075035,648,275,610,0,2,2,4,178,45,15,25,0,0,0,0,0,0,0,0,13,5,0,6,0,0,1,0,0,0,8,4,0,0,0,1
-54.247175526551686,0.4062549229701913,720,701,237,0,4,2,1,205,34,19,37,0,0,0,0,0,0,0,0,13,15,0,11,0,0,3,0,0,0,10,3,0,0,0,1
-71.43048327267047,0.12039899182074437,1846,535,510,0,4,4,5,391,60,6,22,0,0,0,0,0,0,0,0,6,14,0,8,0,0,9,0,0,0,9,5,0,0,0,1
-65.70973905526496,0.658324279163066,1522,494,586,0,5,4,4,354,34,17,18,0,0,0,0,0,0,0,0,18,17,0,14,0,0,8,0,0,0,6,4,0,0,0,1
-80.58635906941592,0.1548371161093278,1647,522,300,0,2,5,2,270,70,20,14,0,0,0,0,0,0,0,0,17,5,0,10,0,0,5,0,0,0,6,4,0,0,0,1
-50.074846318966195,0.8788648581855101,1993,455,649,0,4,1,4,159,22,17,37,0,0,0,0,0,0,0,0,7,12,0,19,0,0,2,0,0,0,11,8,0,0,0,1
-73.71075986490534,0.3462831515867725,1239,575,366,0,3,1,2,220,38,5,26,0,0,0,0,0,0,0,0,15,7,0,11,0,0,4,0,0,0,7,7,0,0,0,1
-67.99616782029914,0.5872848614652161,567,523,605,0,4,2,5,206,79,19,19,0,0,0,0,0,0,0,0,12,12,0,6,0,0,8,0,0,0,10,7,0,0,0,1
-77.23625631280235,0.31218320909441466,624,677,355,0,5,3,1,185,56,13,37,0,0,0,0,0,0,0,0,8,15,0,7,0,0,7,0,0,0,10,6,0,0,0,1
-66.3351867667614,0.72664913168288,1986,421,625,0,2,5,1,322,66,18,25,0,0,0,0,0,0,0,0,17,19,0,5,0,0,3,0,0,0,9,6,0,0,0,1
-78.0603370984576,0.30663765206459814,1682,728,232,0,5,4,5,141,62,18,10,0,0,0,0,0,0,0,0,7,6,0,9,0,0,2,0,0,0,11,6,0,0,0,1
-75.22488775746878,0.6738044113023727,1294,660,304,0,5,2,3,355,55,19,35,0,0,0,0,0,0,0,0,17,8,0,9,0,0,9,0,0,0,14,4,0,0,0,1
-72.1968915617002,0.648271842582399,522,200,788,0,1,5,2,219,72,16,14,0,0,0,0,0,0,0,0,6,8,0,14,0,0,6,0,0,0,9,5,0,0,0,1
-82.34361628821593,0.6282563955515205,705,400,527,0,4,5,5,266,41,18,24,0,0,0,0,0,0,0,0,7,18,0,8,0,0,6,0,0,0,15,6,0,0,0,1
-49.47641984296517,0.3005591937228926,622,526,570,0,1,3,4,157,21,14,13,0,0,0,0,0,0,0,0,20,13,0,7,0,0,8,0,0,0,13,6,0,0,0,1
-58.856373987264234,0.6613195171744735,848,689,550,0,4,1,3,291,43,5,30,0,0,0,0,0,0,0,0,5,6,0,13,0,0,10,0,0,0,14,4,0,0,0,1
-55.39038664189258,0.2084466520981837,711,317,211,0,5,3,1,270,26,12,17,0,0,0,0,0,0,0,0,6,12,0,16,0,0,7,0,0,0,12,5,0,0,0,1
-68.58827830466461,0.4849897180578703,668,323,433,0,5,1,5,306,31,19,16,0,0,0,0,0,0,0,0,17,14,0,8,0,0,7,0,0,0,7,8,0,0,0,1
-51.32683852892193,0.4489523230082477,839,455,733,0,3,5,1,285,68,18,10,0,0,0,0,0,0,0,0,20,16,0,11,0,0,9,0,0,0,15,4,0,0,0,1
-58.258863620902865,0.741667185089574,894,458,303,0,2,3,3,226,21,15,11,0,0,0,0,0,0,0,0,9,13,0,18,0,0,2,0,0,0,6,6,0,0,0,1
-82.98374192608411,0.1956238112611574,765,706,522,0,4,4,1,147,75,9,26,0,0,0,0,0,0,0,0,6,13,0,13,0,0,1,0,0,0,7,4,0,0,0,1
-66.92364474832407,0.39558131543974306,734,256,415,0,2,3,5,193,77,5,29,0,0,0,0,0,0,0,0,6,13,0,17,0,0,6,0,0,0,9,7,0,0,0,1
-79.07332649864314,0.8499296212430362,1845,329,252,0,1,1,2,353,47,10,14,0,0,0,0,0,0,0,0,17,11,0,13,0,0,5,0,0,0,8,8,0,0,0,1
-69.43298813554306,0.44425842534774396,1135,770,262,0,4,4,5,317,47,19,14,0,0,0,0,0,0,0,0,15,11,0,17,0,0,4,0,0,0,12,8,0,0,0,1
-62.66866358737883,0.3713744866774057,1455,340,446,0,5,4,1,248,50,5,37,0,0,0,0,0,0,0,0,14,18,0,19,0,0,9,0,0,0,14,4,0,0,0,1
-79.35659094092468,0.6286302068799052,803,379,639,0,5,2,3,309,23,8,21,0,0,0,0,0,0,0,0,15,8,0,15,0,0,2,0,0,0,5,6,0,0,0,1
-48.87110633803134,0.9980253412474328,1569,571,630,0,2,1,2,342,29,7,22,0,0,0,0,0,0,0,0,18,11,0,11,0,0,8,0,0,0,13,5,0,0,0,1
-64.97707903163747,0.5055053597927258,1221,653,383,0,3,4,5,273,37,17,16,0,0,0,0,0,0,0,0,10,17,0,15,0,0,4,0,0,0,7,6,0,0,0,1
-66.5306104002173,0.6622452723080154,641,499,388,0,4,5,2,237,23,10,22,0,0,0,0,0,0,0,0,12,5,0,6,0,0,7,0,0,0,10,8,0,0,0,1
-70.90264921550931,0.5228847060303463,1933,723,438,0,1,2,1,113,76,6,15,0,0,0,0,0,0,0,0,10,20,0,8,0,0,6,0,0,0,8,7,0,0,0,1
-52.36346542432607,0.8672563674925375,982,664,701,0,4,3,4,379,51,14,37,0,0,0,0,0,0,0,0,18,9,0,20,0,0,2,0,0,0,14,4,0,0,0,1
-75.34128725421142,0.7554192176738785,1348,583,596,0,4,1,5,215,30,9,19,0,0,0,0,0,0,0,0,9,19,0,13,0,0,1,0,0,0,7,8,0,0,0,1
-45.80480125077787,0.7510858195736206,1140,670,758,0,1,4,1,217,35,18,23,0,0,0,0,0,0,0,0,6,11,0,18,0,0,10,0,0,0,6,5,0,0,0,1
-83.62092974710241,0.17169176900645455,1854,515,349,0,5,4,1,227,63,9,16,0,0,0,0,0,0,0,0,11,8,0,6,0,0,9,0,0,0,12,7,0,0,0,1
-65.3491538154025,0.5283798713014259,908,771,521,0,2,5,1,340,68,9,21,0,0,0,0,0,0,0,0,13,7,0,6,0,0,9,0,0,0,7,4,0,0,0,1
-78.6896450227913,0.7075942963578715,1278,311,764,0,3,3,5,126,73,17,34,0,0,0,0,0,0,0,0,20,10,0,13,0,0,7,0,0,0,12,8,0,0,0,1
-80.68174465286931,0.9905977838485778,1725,747,684,0,2,4,3,177,55,17,34,0,0,0,0,0,0,0,0,11,8,0,5,0,0,7,0,0,0,13,4,0,0,0,1
-79.15370578340355,0.6632529012346189,1683,266,417,0,4,5,2,282,72,15,40,0,0,0,0,0,0,0,0,5,12,0,16,0,0,7,0,0,0,13,2,0,0,0,1
-62.517597696946744,0.4524960509076579,1174,260,472,0,4,4,3,377,21,17,13,0,0,0,0,0,0,0,0,17,19,0,9,0,0,8,0,0,0,10,5,0,0,0,1
-63.134060141771684,0.8701514074098176,1260,247,704,0,2,2,1,299,71,19,28,0,0,0,0,0,0,0,0,15,12,0,17,0,0,7,0,0,0,6,4,0,0,0,1
-51.78241313435444,0.6453294597080851,1411,222,707,0,5,5,3,244,34,12,20,0,0,0,0,0,0,0,0,17,10,0,13,0,0,3,0,0,0,11,8,0,0,0,1
-61.893814599859994,0.6667784193396279,1886,243,331,0,4,3,5,160,28,16,28,0,0,0,0,0,0,0,0,6,7,0,11,0,0,7,0,0,0,5,2,0,0,0,1
-73.2657643716824,0.24023276713397199,1295,515,595,0,2,4,4,218,20,8,28,0,0,0,0,0,0,0,0,16,13,0,16,0,0,3,0,0,0,7,2,0,0,0,1
-54.40863686447085,0.2819891688064292,1907,561,202,0,5,3,2,266,76,8,37,0,0,0,0,0,0,0,0,19,12,0,5,0,0,1,0,0,0,7,6,0,0,0,1
-62.77848762229566,0.8586020898537154,1036,654,520,0,4,4,3,183,60,15,25,0,0,0,0,0,0,0,0,13,20,0,18,0,0,7,0,0,0,8,8,0,0,0,1
-81.41511139253149,0.1410512496572741,1275,472,701,0,3,3,2,141,52,11,36,0,0,0,0,0,0,0,0,20,13,0,13,0,0,2,0,0,0,15,5,0,0,0,1
-67.47213101586661,0.43539285111152526,528,532,218,0,3,4,1,364,80,20,12,0,0,0,0,0,0,0,0,6,7,0,13,0,0,5,0,0,0,15,5,0,0,0,1
-84.42310654018529,0.3361903129737082,712,238,540,0,3,3,1,112,72,8,14,0,0,0,0,0,0,0,0,18,19,0,11,0,0,7,0,0,0,7,6,0,0,0,1
-58.842699764440376,0.13408232824272506,585,700,535,0,4,5,1,346,27,8,12,0,0,0,0,0,0,0,0,5,18,0,20,0,0,5,0,0,0,8,3,0,0,0,1
-51.8472152621564,0.13065898824551464,894,410,241,0,1,1,4,125,77,11,13,0,0,0,0,0,0,0,0,14,8,0,15,0,0,10,0,0,0,11,8,0,0,0,1
-73.42510984664555,0.6165412695028094,621,544,576,0,5,1,3,238,40,18,40,0,0,0,0,0,0,0,0,18,8,0,5,0,0,6,0,0,0,13,8,0,0,0,1
-45.066363807703596,0.45375694284705226,500,747,600,0,3,3,3,206,51,15,30,0,0,0,0,0,0,0,0,8,14,0,18,0,0,2,0,0,0,7,2,0,0,0,1
-60.01270233236401,0.6995954820915583,1691,505,671,0,2,4,2,115,75,20,22,0,0,0,0,0,0,0,0,17,12,0,7,0,0,8,0,0,0,13,6,0,0,0,1
-49.95698063651553,0.6027746609361673,504,484,579,0,5,4,2,224,62,19,18,0,0,0,0,0,0,0,0,15,9,0,9,0,0,2,0,0,0,8,7,0,0,0,1
-70.7397647027802,0.5391919919907444,1860,445,522,0,2,4,1,195,70,13,35,0,0,0,0,0,0,0,0,14,7,0,14,0,0,9,0,0,0,11,7,0,0,0,1
-76.81689007829439,0.1927901568254684,670,654,672,0,4,2,4,175,56,14,27,0,0,0,0,0,0,0,0,14,12,0,19,0,0,8,0,0,0,9,7,0,0,0,1
-72.90659489986027,0.21066312834405035,1070,543,599,0,3,5,4,191,68,12,32,0,0,0,0,0,0,0,0,13,9,0,13,0,0,1,0,0,0,15,2,0,0,0,1
-49.848257954348895,0.5878291820645639,1696,440,726,0,5,5,3,356,80,17,36,0,0,0,0,0,0,0,0,11,8,0,8,0,0,4,0,0,0,15,3,0,0,0,1
-78.62413907379425,0.2865876724385687,1478,259,767,0,2,5,5,197,68,19,20,0,0,0,0,0,0,0,0,18,17,0,7,0,0,1,0,0,0,6,4,0,0,0,1
-47.00683606790244,0.37432977793924616,981,269,797,0,1,3,1,241,46,11,29,0,0,0,0,0,0,0,0,15,13,0,7,0,0,3,0,0,0,12,7,0,0,0,1
-76.15756334156623,0.14020721366679129,1686,367,731,0,1,4,2,269,64,10,15,0,0,0,0,0,0,0,0,12,7,0,13,0,0,6,0,0,0,8,2,0,0,0,1
-69.29253910977933,0.744152315214681,818,374,536,0,3,5,1,397,61,10,21,0,0,0,0,0,0,0,0,7,15,0,10,0,0,10,0,0,0,13,8,0,0,0,1
-66.68865216561734,0.4288733774785758,1484,286,723,0,4,3,1,191,61,6,39,0,0,0,0,0,0,0,0,17,20,0,19,0,0,3,0,0,0,12,6,0,0,0,1
-61.79591261977744,0.1359782069680535,900,774,560,0,3,2,3,139,35,12,22,0,0,0,0,0,0,0,0,8,10,0,20,0,0,4,0,0,0,13,6,0,0,0,1
-77.19711106211807,0.9392103065932712,1580,546,681,0,5,2,5,122,59,13,37,0,0,0,0,0,0,0,0,14,9,0,8,0,0,7,0,0,0,14,2,0,0,0,1
-60.81430702968913,0.6133172250218789,1735,408,311,0,2,1,5,384,53,10,19,0,0,0,0,0,0,0,0,15,12,0,10,0,0,6,0,0,0,12,7,0,0,0,1
-75.02028390848906,0.42697695017918025,648,541,290,0,4,3,5,230,29,12,19,0,0,0,0,0,0,0,0,11,5,0,15,0,0,1,0,0,0,8,6,0,0,0,1
-59.19950781007074,0.5709677373975413,930,614,393,0,4,4,3,237,71,9,29,0,0,0,0,0,0,0,0,17,20,0,6,0,0,6,0,0,0,9,3,0,0,0,1
-47.49047246527406,0.3849554168391488,1134,418,374,0,2,4,3,379,48,20,17,0,0,0,0,0,0,0,0,12,17,0,18,0,0,2,0,0,0,14,3,0,0,0,1
-69.23782687547177,0.31001524737354014,879,745,757,0,2,4,4,258,29,16,39,0,0,0,0,0,0,0,0,14,6,0,6,0,0,2,0,0,0,12,6,0,0,0,1
-59.96405019945526,0.49535140941295497,621,461,637,0,2,2,4,276,64,18,25,0,0,0,0,0,0,0,0,13,7,0,20,0,0,9,0,0,0,15,7,0,0,0,1
-60.686328884077334,0.920941550727715,767,570,799,0,1,4,1,344,41,8,34,0,0,0,0,0,0,0,0,8,5,0,15,0,0,2,0,0,0,9,4,0,0,0,1
-84.86458690028758,0.23555969212232505,1269,601,661,0,5,3,2,191,31,9,31,0,0,0,0,0,0,0,0,11,5,0,13,0,0,4,0,0,0,5,5,0,0,0,1
-65.66263414906416,0.19223449120794955,1298,755,308,0,1,2,3,266,44,6,17,0,0,0,0,0,0,0,0,11,12,0,15,0,0,9,0,0,0,7,4,0,0,0,1
-47.10867199295884,0.14928579855155852,1253,249,364,0,4,5,5,390,42,17,36,0,0,0,0,0,0,0,0,11,10,0,16,0,0,2,0,0,0,13,6,0,0,0,1
-68.90574279620233,0.8070752432934134,1883,269,462,0,2,1,3,257,38,11,17,0,0,0,0,0,0,0,0,16,9,0,12,0,0,3,0,0,0,6,6,0,0,0,1
-62.07297159107955,0.9293931118730125,795,412,737,0,5,4,4,268,44,15,17,0,0,0,0,0,0,0,0,13,12,0,6,0,0,3,0,0,0,13,4,0,0,0,1
-80.68267622254616,0.4207499938715332,1102,566,577,0,1,3,5,334,43,16,27,0,0,0,0,0,0,0,0,16,7,0,12,0,0,6,0,0,0,6,6,0,0,0,1
-72.17527589706958,0.36701460523303453,1620,421,770,0,3,1,1,164,68,16,36,0,0,0,0,0,0,0,0,18,12,0,12,0,0,3,0,0,0,10,3,0,0,0,1
-51.93272795397252,0.19494872418133902,1899,765,300,0,4,3,5,342,40,16,30,0,0,0,0,0,0,0,0,15,20,0,11,0,0,1,0,0,0,13,2,0,0,0,1
-65.83138068557538,0.7651308504443759,1332,513,250,0,3,4,3,247,36,20,36,0,0,0,0,0,0,0,0,9,5,0,5,0,0,3,0,0,0,10,2,0,0,0,1
-57.05691203413363,0.10027761447258243,1662,325,784,0,4,4,2,335,78,15,34,0,0,0,0,0,0,0,0,14,14,0,17,0,0,7,0,0,0,11,5,0,0,0,1
-72.60321235822897,0.22956352406744124,696,610,563,0,3,3,2,173,21,11,33,0,0,0,0,0,0,0,0,12,5,0,18,0,0,1,0,0,0,9,7,0,0,0,1
-64.85353182148813,0.793798670567226,1017,253,536,0,4,4,1,383,55,15,37,0,0,0,0,0,0,0,0,11,7,0,15,0,0,5,0,0,0,8,2,0,0,0,1
-72.54674117951454,0.8069102061517284,1613,223,567,0,5,3,5,335,69,20,25,0,0,0,0,0,0,0,0,20,20,0,14,0,0,5,0,0,0,10,7,0,0,0,1
-78.45935813876022,0.17716168936018906,720,287,241,0,4,4,4,261,40,20,35,0,0,0,0,0,0,0,0,20,12,0,20,0,0,6,0,0,0,13,7,0,0,0,1
-64.93606496867726,0.9861015778192621,1506,361,523,0,4,5,3,111,26,16,35,0,0,0,0,0,0,0,0,10,7,0,20,0,0,10,0,0,0,12,2,0,0,0,1
-80.59966394043717,0.42901360511224096,1864,725,690,0,2,3,2,306,79,14,10,0,0,0,0,0,0,0,0,15,6,0,9,0,0,5,0,0,0,10,7,0,0,0,1
-64.5334498501457,0.7770060823568179,1808,368,378,0,4,5,3,170,47,12,12,0,0,0,0,0,0,0,0,12,14,0,11,0,0,8,0,0,0,15,3,0,0,0,1
-48.67193567826079,0.16131678523114462,1632,250,456,0,3,2,3,192,30,14,14,0,0,0,0,0,0,0,0,18,17,0,13,0,0,1,0,0,0,8,7,0,0,0,1
-77.19062161252822,0.7496712502903085,2000,375,411,0,5,1,1,292,40,14,40,0,0,0,0,0,0,0,0,20,20,0,18,0,0,10,0,0,0,8,7,0,0,0,1
-76.35993504991501,0.9155554336766318,1252,800,399,0,2,1,1,154,54,11,29,0,0,0,0,0,0,0,0,15,6,0,16,0,0,9,0,0,0,6,8,0,0,0,1
-53.0564465332821,0.474138166892598,675,744,372,0,5,4,4,337,59,11,10,0,0,0,0,0,0,0,0,5,8,0,9,0,0,2,0,0,0,5,2,0,0,0,1
-45.79298468193189,0.42940544118556223,1786,654,606,0,1,1,3,297,47,14,38,0,0,0,0,0,0,0,0,12,7,0,12,0,0,8,0,0,0,8,2,0,0,0,1
-74.56202195600491,0.12793974033014288,1704,284,746,0,2,3,2,203,58,14,11,0,0,0,0,0,0,0,0,6,18,0,11,0,0,6,0,0,0,8,4,0,0,0,1
-69.72524989677564,0.9082537493120496,982,519,539,0,5,4,3,343,40,12,23,0,0,0,0,0,0,0,0,9,15,0,12,0,0,4,0,0,0,5,7,0,0,0,1
-59.88502807835556,0.9116979915643777,1046,544,508,0,5,1,4,398,24,9,35,0,0,0,0,0,0,0,0,12,20,0,6,0,0,8,0,0,0,14,5,0,0,0,1
-52.37184183206872,0.7831989130667366,1509,567,603,0,4,2,1,100,65,17,18,0,0,0,0,0,0,0,0,6,17,0,18,0,0,6,0,0,0,10,8,0,0,0,1
-82.64250775065851,0.13398209218759047,1035,476,545,0,3,3,5,182,53,14,15,0,0,0,0,0,0,0,0,20,6,0,8,0,0,7,0,0,0,8,6,0,0,0,1
-80.83370938969892,0.11736483346251546,1219,560,265,0,3,3,3,339,68,7,40,0,0,0,0,0,0,0,0,7,15,0,8,0,0,7,0,0,0,6,5,0,0,0,1
-80.45459005915208,0.4064654457308725,1179,571,354,0,2,5,5,182,54,8,27,0,0,0,0,0,0,0,0,18,17,0,12,0,0,8,0,0,0,15,7,0,0,0,1
-73.04649565776961,0.24356863962441674,1831,609,275,0,1,5,4,331,70,12,10,0,0,0,0,0,0,0,0,19,20,0,20,0,0,7,0,0,0,11,5,0,0,0,1
-50.87630063121725,0.5700129952162137,726,396,493,0,3,5,3,300,25,13,24,0,0,0,0,0,0,0,0,8,20,0,12,0,0,4,0,0,0,15,2,0,0,0,1
-56.63665415416774,0.640007701699419,1976,219,701,0,2,1,1,271,76,16,20,0,0,0,0,0,0,0,0,5,10,0,5,0,0,3,0,0,0,15,7,0,0,0,1
-60.312195726146015,0.797726804040967,1878,211,535,0,3,4,5,253,67,8,31,0,0,0,0,0,0,0,0,20,5,0,9,0,0,9,0,0,0,14,8,0,0,0,1
-51.055687398971536,0.4225243952799834,631,222,544,0,2,2,2,263,79,11,13,0,0,0,0,0,0,0,0,16,7,0,15,0,0,1,0,0,0,9,5,0,0,0,1
-55.82521577768605,0.5616402418862481,1206,713,439,0,1,3,4,366,50,15,10,0,0,0,0,0,0,0,0,20,14,0,11,0,0,10,0,0,0,15,2,0,0,0,1
-83.0660991008705,0.5901218628927931,775,579,205,0,1,2,2,287,71,9,39,0,0,0,0,0,0,0,0,20,14,0,14,0,0,2,0,0,0,9,6,0,0,0,1
-55.06162818346651,0.7713391421674354,1318,366,623,0,3,3,5,296,36,16,28,0,0,0,0,0,0,0,0,6,16,0,20,0,0,7,0,0,0,14,7,0,0,0,1
-59.80350438445716,0.33661984038538456,863,689,603,0,1,2,3,368,20,5,37,0,0,0,0,0,0,0,0,7,8,0,14,0,0,4,0,0,0,9,5,0,0,0,1
-45.340319231549614,0.9874641718955051,1666,722,764,0,2,1,1,356,24,16,21,0,0,0,0,0,0,0,0,20,20,0,7,0,0,3,0,0,0,10,5,0,0,0,1
-60.19116320649758,0.5111543224001004,1511,205,638,0,4,4,1,330,56,20,15,0,0,0,0,0,0,0,0,5,16,0,13,0,0,4,0,0,0,11,4,0,0,0,1
-75.37463016028993,0.571374483372234,1192,798,477,0,3,4,1,310,69,18,40,0,0,0,0,0,0,0,0,17,10,0,5,0,0,9,0,0,0,15,3,0,0,0,1
-82.53812572976396,0.8214006684309257,603,748,759,0,4,2,5,145,45,7,37,0,0,0,0,0,0,0,0,12,14,0,14,0,0,8,0,0,0,8,8,0,0,0,1
-48.05688620747768,0.6869276127924168,854,440,222,0,2,2,5,191,36,11,29,0,0,0,0,0,0,0,0,20,17,0,12,0,0,1,0,0,0,10,7,0,0,0,1
-65.43813509055772,0.8449760099755953,1724,393,523,0,2,5,2,116,58,5,38,0,0,0,0,0,0,0,0,9,8,0,9,0,0,8,0,0,0,14,7,0,0,0,1
-77.47916844483701,0.11224508147867479,712,730,629,0,3,3,1,275,39,16,17,0,0,0,0,0,0,0,0,8,17,0,14,0,0,4,0,0,0,12,3,0,0,0,1
-67.6032915749798,0.16161485260060499,1125,305,760,0,2,1,3,235,59,9,19,0,0,0,0,0,0,0,0,10,9,0,12,0,0,2,0,0,0,10,7,0,0,0,1
-71.45454139893992,0.8804167077885326,1238,557,790,0,2,5,1,137,44,17,13,0,0,0,0,0,0,0,0,16,13,0,12,0,0,2,0,0,0,6,2,0,0,0,1
-54.653117587010186,0.44394513358447885,1871,748,568,0,1,4,3,387,52,20,13,0,0,0,0,0,0,0,0,17,7,0,17,0,0,10,0,0,0,8,4,0,0,0,1
-68.79522552439748,0.8998942351811283,1510,493,608,0,3,5,3,213,60,11,31,0,0,0,0,0,0,0,0,10,15,0,14,0,0,10,0,0,0,6,5,0,0,0,1
-83.80568782608306,0.687922530362623,1321,410,272,0,5,3,3,101,20,19,26,0,0,0,0,0,0,0,0,5,5,0,15,0,0,3,0,0,0,13,6,0,0,0,1
-64.43173882952155,0.6782395789026552,1203,389,592,0,4,3,4,367,44,16,39,0,0,0,0,0,0,0,0,12,17,0,8,0,0,2,0,0,0,14,3,0,0,0,1
-78.81610070666227,0.855987525490516,1759,460,303,0,2,4,2,395,68,8,12,0,0,0,0,0,0,0,0,9,20,0,20,0,0,6,0,0,0,10,4,0,0,0,1
-72.55779505449242,0.8037499025319071,1144,390,437,0,4,3,5,141,39,15,38,0,0,0,0,0,0,0,0,19,12,0,14,0,0,3,0,0,0,12,6,0,0,0,1
-82.2231159088402,0.8213442987428728,1586,219,585,0,1,2,5,232,60,15,31,0,0,0,0,0,0,0,0,17,13,0,17,0,0,10,0,0,0,14,3,0,0,0,1
-62.15496351400234,0.23945421327065258,1145,511,399,0,4,5,4,279,58,13,11,0,0,0,0,0,0,0,0,17,8,0,12,0,0,10,0,0,0,8,4,0,0,0,1
-55.207570150920745,0.37678813171684944,1974,304,428,0,4,3,3,358,76,16,15,0,0,0,0,0,0,0,0,16,8,0,8,0,0,8,0,0,0,6,5,0,0,0,1
-69.50531897629732,0.15820713009281495,848,726,655,0,4,3,3,271,48,17,33,0,0,0,0,0,0,0,0,6,13,0,15,0,0,6,0,0,0,6,6,0,0,0,1
-61.11646948824267,0.15232045172286357,1660,705,746,0,3,3,5,375,69,12,27,0,0,0,0,0,0,0,0,12,10,0,14,0,0,5,0,0,0,15,7,0,0,0,1
-80.94042006644868,0.8879857177725765,1702,619,201,0,2,5,3,317,46,15,14,0,0,0,0,0,0,0,0,18,5,0,19,0,0,10,0,0,0,10,6,0,0,0,1
-45.94274944500225,0.10352934694838796,1471,502,777,0,5,1,3,126,58,9,15,0,0,0,0,0,0,0,0,19,16,0,5,0,0,2,0,0,0,15,3,0,0,0,1
-65.75304160240839,0.8604822228258342,718,236,547,0,2,5,4,248,38,5,13,0,0,0,0,0,0,0,0,14,11,0,7,0,0,6,0,0,0,12,3,0,0,0,1
-70.98191305599964,0.4090558170345673,1708,423,790,0,4,2,1,307,46,14,10,0,0,0,0,0,0,0,0,16,5,0,6,0,0,10,0,0,0,8,6,0,0,0,1
-84.87890141218246,0.7862670773429816,879,237,390,0,3,3,1,233,29,20,25,0,0,0,0,0,0,0,0,15,19,0,6,0,0,6,0,0,0,9,3,0,0,0,1
-59.644037777142174,0.8763037577299584,1777,465,450,0,2,3,4,155,20,9,18,0,0,0,0,0,0,0,0,14,5,0,15,0,0,2,0,0,0,14,6,0,0,0,1
-45.83184240983464,0.31507090957199746,927,407,218,0,4,5,2,111,62,13,29,0,0,0,0,0,0,0,0,7,6,0,7,0,0,1,0,0,0,6,7,0,0,0,1
-79.63224985471193,0.379261313929376,1687,489,223,0,2,1,4,344,41,9,26,0,0,0,0,0,0,0,0,5,8,0,17,0,0,8,0,0,0,9,2,0,0,0,1
-72.90473974770562,0.9489582531859692,1253,235,401,0,2,1,4,200,37,16,39,0,0,0,0,0,0,0,0,19,14,0,9,0,0,1,0,0,0,12,2,0,0,0,1
-77.0673359650945,0.974151580820185,1667,316,633,0,3,5,1,108,62,15,12,0,0,0,0,0,0,0,0,16,11,0,7,0,0,5,0,0,0,13,3,0,0,0,1
-63.88928943007896,0.3237799838564916,1277,370,689,0,1,4,1,345,50,16,37,0,0,0,0,0,0,0,0,10,10,0,10,0,0,2,0,0,0,8,8,0,0,0,1
-54.42163433164327,0.15938667949425844,1454,727,436,0,5,5,1,234,46,15,21,0,0,0,0,0,0,0,0,10,15,0,8,0,0,9,0,0,0,5,3,0,0,0,1
-46.13331778208266,0.14491184521546838,1172,550,677,0,4,1,2,285,80,18,20,0,0,0,0,0,0,0,0,13,20,0,15,0,0,5,0,0,0,6,6,0,0,0,1
-75.73579095067862,0.2943302153555186,1383,770,558,0,4,5,4,106,42,13,12,0,0,0,0,0,0,0,0,20,5,0,20,0,0,4,0,0,0,9,7,0,0,0,1
-77.37935501986087,0.5455107311746602,1420,768,532,0,4,2,4,316,49,8,20,0,0,0,0,0,0,0,0,8,18,0,11,0,0,4,0,0,0,7,7,0,0,0,1
-83.55476485690467,0.9480146822440324,1877,752,551,0,4,4,2,274,38,17,26,0,0,0,0,0,0,0,0,5,18,0,10,0,0,5,0,0,0,14,7,0,0,0,1
-63.70633911610739,0.6123573523962756,1215,642,337,0,4,1,2,371,20,16,35,0,0,0,0,0,0,0,0,15,12,0,15,0,0,7,0,0,0,8,3,0,0,0,1
-46.661602324204615,0.38718081539705906,898,465,772,0,3,2,2,229,23,14,14,0,0,0,0,0,0,0,0,5,16,0,19,0,0,5,0,0,0,15,5,0,0,0,1
-76.0530143993883,0.6335135199828481,1313,364,221,0,3,3,3,109,25,7,13,0,0,0,0,0,0,0,0,6,16,0,17,0,0,6,0,0,0,10,6,0,0,0,1
-56.68974943809177,0.36309418252037484,1288,460,429,0,1,5,1,269,79,7,11,0,0,0,0,0,0,0,0,13,9,0,9,0,0,7,0,0,0,15,5,0,0,0,1
-48.833704010572475,0.5641338122073687,988,275,399,0,5,1,1,137,67,19,16,0,0,0,0,0,0,0,0,7,11,0,20,0,0,3,0,0,0,10,5,0,0,0,1
-52.32096503612516,0.6795277753875169,1167,794,403,0,3,2,1,247,45,16,19,0,0,0,0,0,0,0,0,20,18,0,16,0,0,5,0,0,0,9,3,0,0,0,1
-77.59985562415362,0.2497300761731616,1848,579,524,0,5,4,2,162,25,14,37,0,0,0,0,0,0,0,0,15,15,0,13,0,0,9,0,0,0,6,4,0,0,0,1
-49.577250056920604,0.11441307956153586,1644,314,754,0,5,3,5,321,35,10,34,0,0,0,0,0,0,0,0,7,11,0,18,0,0,5,0,0,0,5,5,0,0,0,1
-55.97792638571439,0.30805477101261625,1816,603,213,0,4,2,4,200,39,9,19,0,0,0,0,0,0,0,0,17,15,0,13,0,0,10,0,0,0,10,7,0,0,0,1
-71.88827071313858,0.6884705678815922,568,761,529,0,2,5,4,274,47,6,20,0,0,0,0,0,0,0,0,14,11,0,14,0,0,3,0,0,0,14,6,0,0,0,1
-51.592269258720556,0.936950251017034,1709,630,459,0,1,1,3,131,64,7,10,0,0,0,0,0,0,0,0,18,14,0,17,0,0,5,0,0,0,10,6,0,0,0,1
-49.539538331228556,0.6042984777238805,1698,323,694,0,5,2,1,237,38,18,17,0,0,0,0,0,0,0,0,9,10,0,15,0,0,10,0,0,0,7,4,0,0,0,1
-77.47240628581919,0.9769169371065294,1646,773,552,0,2,5,3,178,51,18,34,0,0,0,0,0,0,0,0,13,7,0,14,0,0,1,0,0,0,15,6,0,0,0,1
-66.63060764935125,0.19751274214827147,1785,629,795,0,3,4,5,171,46,12,28,0,0,0,0,0,0,0,0,13,5,0,8,0,0,2,0,0,0,13,4,0,0,0,1
-76.91544827560143,0.3409870266826444,1117,593,729,0,4,1,4,347,78,15,29,0,0,0,0,0,0,0,0,15,14,0,10,0,0,5,0,0,0,13,2,0,0,0,1
-65.63720447741522,0.4233207856711535,1872,614,664,0,5,3,4,245,66,16,16,0,0,0,0,0,0,0,0,15,17,0,12,0,0,4,0,0,0,5,2,0,0,0,1
-76.64534723105123,0.7941770891102835,502,725,578,0,3,4,2,212,31,10,30,0,0,0,0,0,0,0,0,6,14,0,19,0,0,1,0,0,0,13,6,0,0,0,1
-62.84642755855857,0.49201268032489365,1562,744,612,0,3,3,2,317,29,15,24,0,0,0,0,0,0,0,0,11,12,0,12,0,0,1,0,0,0,14,7,0,0,0,1
-48.231870151003385,0.2841722446817704,1320,686,368,0,2,2,5,107,26,8,34,0,0,0,0,0,0,0,0,10,8,0,5,0,0,1,0,0,0,13,2,0,0,0,1
-49.841293224687384,0.6460452257720288,1994,513,292,0,5,4,4,174,46,7,11,0,0,0,0,0,0,0,0,16,7,0,17,0,0,5,0,0,0,10,8,0,0,0,1
-52.52059894343369,0.7259360682764571,1474,516,396,0,1,3,3,312,51,18,25,0,0,0,0,0,0,0,0,12,13,0,10,0,0,4,0,0,0,10,2,0,0,0,1
-49.18620092517358,0.3356059977472432,1055,285,204,0,3,4,2,251,44,13,23,0,0,0,0,0,0,0,0,19,15,0,5,0,0,5,0,0,0,8,2,0,0,0,1
-75.24194538214167,0.5909993628618097,1595,361,315,0,4,3,3,364,68,20,34,0,0,0,0,0,0,0,0,16,14,0,7,0,0,3,0,0,0,15,4,0,0,0,1
-84.01096444517027,0.44382118129026404,578,206,613,0,5,2,5,157,60,7,18,0,0,0,0,0,0,0,0,16,13,0,7,0,0,5,0,0,0,8,4,0,0,0,1
-57.126415288463924,0.5482720154733819,1068,603,590,0,2,1,3,227,23,16,33,0,0,0,0,0,0,0,0,5,15,0,14,0,0,6,0,0,0,15,5,0,0,0,1
-53.45290088263984,0.2199314331435066,1133,535,673,0,3,5,2,365,78,17,18,0,0,0,0,0,0,0,0,11,17,0,11,0,0,4,0,0,0,11,8,0,0,0,1
-46.67368132612766,0.6604673082904208,1672,704,654,0,4,5,3,130,31,19,19,0,0,0,0,0,0,0,0,7,17,0,12,0,0,10,0,0,0,11,5,0,0,0,1
-48.82545046021554,0.473036619726673,1035,731,540,0,2,3,5,207,64,5,35,0,0,0,0,0,0,0,0,5,12,0,20,0,0,3,0,0,0,12,6,0,0,0,1
-46.97931397612453,0.50369395963051,1620,536,647,0,5,3,4,289,46,8,20,0,0,0,0,0,0,0,0,5,7,0,20,0,0,3,0,0,0,14,6,0,0,0,1
-48.879028639567636,0.3109914026708952,1434,288,753,0,4,2,2,147,37,17,40,0,0,0,0,0,0,0,0,6,11,0,17,0,0,2,0,0,0,9,3,0,0,0,1
-63.428571204391794,0.6201287040251978,529,285,689,0,4,5,5,397,40,11,23,0,0,0,0,0,0,0,0,7,10,0,9,0,0,1,0,0,0,5,5,0,0,0,1
-55.47466948573144,0.3818688135298619,1935,248,221,0,3,4,4,307,58,15,27,0,0,0,0,0,0,0,0,7,12,0,11,0,0,2,0,0,0,5,8,0,0,0,1
-70.2858122321826,0.7743384306833176,1712,643,366,0,1,4,5,345,31,15,21,0,0,0,0,0,0,0,0,7,10,0,12,0,0,9,0,0,0,14,2,0,0,0,1
-54.024931046973386,0.63582709539354,1002,451,793,0,5,3,1,230,54,16,18,0,0,0,0,0,0,0,0,10,12,0,9,0,0,4,0,0,0,15,4,0,0,0,1
-57.92955182797438,0.44594660231413563,993,781,580,0,2,2,2,262,42,19,26,0,0,0,0,0,0,0,0,5,7,0,13,0,0,4,0,0,0,14,7,0,0,0,1
-55.37703679211699,0.614528630738366,1350,587,382,0,3,5,4,141,36,7,40,0,0,0,0,0,0,0,0,6,9,0,5,0,0,10,0,0,0,9,8,0,0,0,1
-50.25464809287349,0.4659430984761974,1150,295,529,0,4,5,5,323,24,19,32,0,0,0,0,0,0,0,0,16,16,0,12,0,0,1,0,0,0,7,3,0,0,0,1
-51.439084211934535,0.14005362975826216,1391,355,427,0,3,3,5,366,28,16,35,0,0,0,0,0,0,0,0,7,9,0,8,0,0,5,0,0,0,6,3,0,0,0,1
-47.64992300290035,0.7913095095119947,1730,572,712,0,1,2,3,234,68,16,11,0,0,0,0,0,0,0,0,5,14,0,9,0,0,8,0,0,0,9,6,0,0,0,1
-54.0196930045429,0.9618693312399924,1179,338,425,0,5,3,3,216,22,9,27,0,0,0,0,0,0,0,0,20,14,0,15,0,0,3,0,0,0,15,5,0,0,0,1
-72.28104065568863,0.5421518413746695,552,638,238,0,2,2,1,140,39,18,21,0,0,0,0,0,0,0,0,20,11,0,13,0,0,10,0,0,0,6,2,0,0,0,1
-77.53097248068737,0.4093419718362844,1431,484,291,0,5,4,5,351,40,18,29,0,0,0,0,0,0,0,0,11,17,0,8,0,0,6,0,0,0,14,4,0,0,0,1
-57.161595865342946,0.7050122046712286,1750,581,384,0,2,1,1,277,30,7,23,0,0,0,0,0,0,0,0,20,5,0,12,0,0,3,0,0,0,14,5,0,0,0,1
-49.55171573098592,0.8628444931629952,602,542,325,0,3,2,5,274,79,8,40,0,0,0,0,0,0,0,0,10,20,0,9,0,0,1,0,0,0,12,7,0,0,0,1
-53.07096345186255,0.7527176236715422,1542,350,660,0,4,2,2,301,54,15,16,0,0,0,0,0,0,0,0,11,7,0,12,0,0,1,0,0,0,9,7,0,0,0,1
-46.33766229108383,0.9299480494209585,805,797,234,0,3,5,5,229,72,5,17,0,0,0,0,0,0,0,0,18,9,0,8,0,0,9,0,0,0,9,6,0,0,0,1
-45.684962362746155,0.30705540802698167,621,334,415,0,4,1,1,387,51,17,11,0,0,0,0,0,0,0,0,5,7,0,18,0,0,1,0,0,0,8,2,0,0,0,1
-58.95873127899288,0.2690025437553752,1731,662,651,0,1,4,3,269,29,10,29,0,0,0,0,0,0,0,0,20,16,0,8,0,0,8,0,0,0,11,7,0,0,0,1
-53.055990373576336,0.4460607863658158,500,587,479,0,5,3,2,243,60,14,12,0,0,0,0,0,0,0,0,16,10,0,14,0,0,7,0,0,0,8,8,0,0,0,1
-54.651063978262954,0.14605127564324238,1038,423,791,0,3,4,4,234,22,13,26,0,0,0,0,0,0,0,0,5,20,0,15,0,0,3,0,0,0,11,8,0,0,0,1
-70.19370615770094,0.5214844362166804,921,600,338,0,3,3,3,240,53,8,12,0,0,0,0,0,0,0,0,13,12,0,12,0,0,9,0,0,0,14,4,0,0,0,1
-50.99186881675625,0.8639635662955509,1728,573,274,0,4,3,4,348,34,18,19,0,0,0,0,0,0,0,0,17,17,0,11,0,0,4,0,0,0,14,3,0,0,0,1
-70.03115598629381,0.9975478265679691,644,524,455,0,5,1,4,131,51,8,21,0,0,0,0,0,0,0,0,12,14,0,8,0,0,8,0,0,0,9,6,0,0,0,1
-74.05129423068578,0.8269447258588358,1256,473,464,0,5,4,5,318,42,17,15,0,0,0,0,0,0,0,0,5,14,0,9,0,0,7,0,0,0,12,6,0,0,0,1
-55.135547171772295,0.43689300611854875,1086,757,442,0,2,1,3,322,70,10,25,0,0,0,0,0,0,0,0,10,5,0,6,0,0,9,0,0,0,13,4,0,0,0,1
-63.21671327221625,0.16722489415984643,1215,684,496,0,4,3,3,338,45,11,19,0,0,0,0,0,0,0,0,14,14,0,7,0,0,6,0,0,0,7,6,0,0,0,1
-54.62719207472297,0.7333812530040813,1650,690,270,0,4,1,4,318,50,18,12,0,0,0,0,0,0,0,0,20,18,0,10,0,0,5,0,0,0,14,8,0,0,0,1
-61.07746173215312,0.39107990784142366,1687,777,435,0,1,2,3,132,56,17,24,0,0,0,0,0,0,0,0,16,14,0,7,0,0,1,0,0,0,14,7,0,0,0,1
-68.69926688056668,0.8498005624315484,1871,276,442,0,5,2,4,294,26,7,22,0,0,0,0,0,0,0,0,10,15,0,16,0,0,9,0,0,0,8,7,0,0,0,1
-72.6341030422665,0.7372056127603323,1580,512,443,0,2,2,5,186,31,6,40,0,0,0,0,0,0,0,0,20,12,0,15,0,0,2,0,0,0,7,4,0,0,0,1
-83.20174924932535,0.13775804541736084,1685,422,499,0,1,3,2,147,29,20,21,0,0,0,0,0,0,0,0,6,11,0,20,0,0,7,0,0,0,6,5,0,0,0,1
-47.9489748512658,0.1581519112564468,1801,313,226,0,4,5,2,337,66,10,10,0,0,0,0,0,0,0,0,12,18,0,16,0,0,1,0,0,0,15,8,0,0,0,1
-84.990775985663,0.9931072332004995,799,387,477,0,5,2,4,341,41,6,10,0,0,0,0,0,0,0,0,14,6,0,10,0,0,7,0,0,0,14,7,0,0,0,1
-62.9690144243209,0.4972117876838814,878,565,456,0,2,3,1,112,71,13,12,0,0,0,0,0,0,0,0,5,17,0,14,0,0,10,0,0,0,9,6,0,0,0,1
-62.7036680150767,0.8019871805979227,1718,785,605,0,2,4,2,230,25,13,21,0,0,0,0,0,0,0,0,6,7,0,9,0,0,8,0,0,0,7,3,0,0,0,1
-50.88360351777566,0.10591740366346415,1484,443,769,0,5,2,5,301,80,11,35,0,0,0,0,0,0,0,0,8,11,0,6,0,0,7,0,0,0,14,3,0,0,0,1
-68.02049599078381,0.12217459547850229,1581,218,789,0,2,5,3,340,46,20,27,0,0,0,0,0,0,0,0,20,17,0,12,0,0,8,0,0,0,7,6,0,0,0,1
-58.06871961234697,0.9983468498534221,1263,294,666,0,1,4,2,309,25,11,10,0,0,0,0,0,0,0,0,12,16,0,15,0,0,9,0,0,0,11,8,0,0,0,1
-50.753544523092415,0.5691460293767977,1752,420,491,0,4,5,2,398,76,14,25,0,0,0,0,0,0,0,0,12,15,0,15,0,0,8,0,0,0,11,6,0,0,0,1
-47.16308942541622,0.5046327964096227,909,391,395,0,3,1,3,113,76,14,17,0,0,0,0,0,0,0,0,16,7,0,13,0,0,3,0,0,0,11,8,0,0,0,1
-70.02049497856132,0.668457677744642,1519,254,521,0,5,1,3,127,52,15,27,0,0,0,0,0,0,0,0,9,9,0,6,0,0,5,0,0,0,15,6,0,0,0,1
-63.85340730720488,0.4126796706346595,909,668,335,0,2,2,2,270,65,19,20,0,0,0,0,0,0,0,0,9,13,0,19,0,0,1,0,0,0,14,8,0,0,0,1
-84.70297734074936,0.4235572240195824,1225,640,553,0,2,5,5,309,55,12,28,0,0,0,0,0,0,0,0,17,13,0,9,0,0,2,0,0,0,10,3,0,0,0,1
-84.3526203247454,0.2707292452823912,1946,439,364,0,3,2,4,283,28,5,21,0,0,0,0,0,0,0,0,13,18,0,13,0,0,8,0,0,0,10,2,0,0,0,1
-66.2163727533039,0.7486394809928804,1683,722,306,0,5,4,4,289,49,20,40,0,0,0,0,0,0,0,0,7,8,0,12,0,0,2,0,0,0,14,7,0,0,0,1
-75.90437523651157,0.24350654796765536,1906,327,529,0,2,2,5,158,25,15,31,0,0,0,0,0,0,0,0,17,5,0,8,0,0,4,0,0,0,8,3,0,0,0,1
-75.17288125990936,0.8358338657743117,1979,476,365,0,4,2,2,351,55,13,38,0,0,0,0,0,0,0,0,6,19,0,20,0,0,9,0,0,0,15,6,0,0,0,1
-58.922246229112886,0.6214502143904905,743,518,314,0,2,4,2,315,66,11,29,0,0,0,0,0,0,0,0,16,13,0,9,0,0,9,0,0,0,10,5,0,0,0,1
-48.85318490796192,0.5150212000006005,1242,303,523,0,4,2,3,107,32,13,19,0,0,0,0,0,0,0,0,20,18,0,15,0,0,8,0,0,0,5,4,0,0,0,1
-71.3306553363163,0.5549621705968426,1452,531,745,0,3,4,3,352,31,7,40,0,0,0,0,0,0,0,0,14,17,0,13,0,0,3,0,0,0,13,8,0,0,0,1
-50.554366262663855,0.9363717710114557,1328,249,376,0,4,5,5,214,33,6,22,0,0,0,0,0,0,0,0,15,7,0,16,0,0,3,0,0,0,13,2,0,0,0,1
-57.037066921158086,0.917837305516538,932,628,703,0,5,5,3,271,73,7,40,0,0,0,0,0,0,0,0,11,12,0,18,0,0,6,0,0,0,10,5,0,0,0,1
-77.52702990677365,0.11256673458580697,1293,478,344,0,4,3,5,250,76,10,34,0,0,0,0,0,0,0,0,16,15,0,10,0,0,6,0,0,0,5,3,0,0,0,1
-65.1514646368282,0.8373506052170576,932,656,425,0,1,4,1,168,79,14,27,0,0,0,0,0,0,0,0,13,10,0,20,0,0,9,0,0,0,6,8,0,0,0,1
-57.720177169039104,0.8246496769665995,780,746,516,0,4,2,3,115,80,13,19,0,0,0,0,0,0,0,0,13,11,0,17,0,0,4,0,0,0,11,6,0,0,0,1
-83.61332350124965,0.4146671633852519,512,405,795,0,3,1,1,132,51,13,34,0,0,0,0,0,0,0,0,14,20,0,13,0,0,3,0,0,0,7,7,0,0,0,1
-69.99911545204839,0.5171486284120098,964,353,270,0,2,1,4,351,61,16,22,0,0,0,0,0,0,0,0,13,6,0,10,0,0,7,0,0,0,12,7,0,0,0,1
-56.48575299194896,0.9540547607838931,971,599,361,0,4,1,1,146,44,18,15,0,0,0,0,0,0,0,0,12,16,0,20,0,0,8,0,0,0,13,5,0,0,0,1
-55.260726903666736,0.5549699901512094,1804,286,299,0,4,1,1,132,37,15,17,0,0,0,0,0,0,0,0,20,5,0,15,0,0,2,0,0,0,10,3,0,0,0,1
-49.87621872673573,0.9117177333906354,1718,221,776,0,2,1,2,390,22,16,28,0,0,0,0,0,0,0,0,14,17,0,19,0,0,5,0,0,0,14,7,0,0,0,1
-75.77684255222724,0.6982283846045221,1010,232,390,0,4,5,5,299,25,7,18,0,0,0,0,0,0,0,0,18,9,0,6,0,0,10,0,0,0,6,7,0,0,0,1
-83.9267675761872,0.9880420139334362,529,264,605,0,1,3,2,102,25,20,20,0,0,0,0,0,0,0,0,10,10,0,11,0,0,7,0,0,0,5,5,0,0,0,1
-45.88164464055846,0.16097660333498956,1105,766,362,0,3,1,3,106,32,5,10,0,0,0,0,0,0,0,0,9,13,0,8,0,0,9,0,0,0,6,3,0,0,0,1
-68.69241402480291,0.7602348880287849,1339,600,573,0,2,1,5,173,56,14,14,0,0,0,0,0,0,0,0,9,11,0,17,0,0,2,0,0,0,10,3,0,0,0,1
-69.28488626451697,0.5383590360721969,723,375,690,0,5,2,5,163,44,12,15,0,0,0,0,0,0,0,0,10,7,0,15,0,0,5,0,0,0,6,3,0,0,0,1
-61.21334701625115,0.638215343103285,866,751,655,0,1,4,1,397,75,12,18,0,0,0,0,0,0,0,0,14,14,0,12,0,0,3,0,0,0,6,7,0,0,0,1
-53.80218417467096,0.5573918508261776,1593,221,247,0,2,3,1,349,30,9,27,0,0,0,0,0,0,0,0,18,14,0,9,0,0,9,0,0,0,15,7,0,0,0,1
-46.08423346426934,0.8198715331035088,1658,646,372,0,5,3,4,368,69,17,24,0,0,0,0,0,0,0,0,6,8,0,12,0,0,9,0,0,0,9,4,0,0,0,1
-51.50581106644296,0.32312093700477945,1073,438,705,0,4,1,2,348,20,12,24,0,0,0,0,0,0,0,0,17,10,0,5,0,0,1,0,0,0,8,5,0,0,0,1
-48.92559403159802,0.24309989249250333,585,296,501,0,4,3,5,256,67,15,15,0,0,0,0,0,0,0,0,16,9,0,9,0,0,4,0,0,0,13,3,0,0,0,1
-69.21708248604628,0.6884990014285784,509,784,411,0,3,3,4,250,39,7,36,0,0,0,0,0,0,0,0,11,14,0,6,0,0,9,0,0,0,8,6,0,0,0,1
-63.354067736957006,0.15209563131222237,1889,410,248,0,1,4,4,243,67,14,39,0,0,0,0,0,0,0,0,11,7,0,15,0,0,6,0,0,0,7,3,0,0,0,1
-74.17304315375287,0.6199327809187276,671,384,240,0,2,3,4,192,75,18,13,0,0,0,0,0,0,0,0,10,11,0,20,0,0,2,0,0,0,10,3,0,0,0,1
-57.49924239230474,0.5602266978798771,1015,217,285,0,4,5,1,186,26,11,39,0,0,0,0,0,0,0,0,12,11,0,20,0,0,3,0,0,0,10,4,0,0,0,1
-50.240934218635005,0.8947059452024677,1038,339,348,0,2,1,2,127,22,17,19,0,0,0,0,0,0,0,0,16,6,0,18,0,0,5,0,0,0,12,5,0,0,0,1
-70.26462256491884,0.8138322815456233,1493,227,439,0,1,4,5,202,60,10,36,0,0,0,0,0,0,0,0,10,9,0,16,0,0,7,0,0,0,8,5,0,0,0,1
-68.67495073099116,0.4283280730974951,751,250,270,0,3,3,2,122,41,14,32,0,0,0,0,0,0,0,0,13,7,0,16,0,0,8,0,0,0,14,3,0,0,0,1
-72.51873734425158,0.9569274357297121,971,292,612,0,1,5,1,223,26,7,24,0,0,0,0,0,0,0,0,9,9,0,11,0,0,5,0,0,0,13,7,0,0,0,1
-76.57881829031567,0.20447311836679433,1251,539,636,0,1,1,3,363,27,11,15,0,0,0,0,0,0,0,0,14,15,0,6,0,0,9,0,0,0,6,3,0,0,0,1
-46.45198338530594,0.6679994116583833,890,674,757,0,3,4,4,252,22,8,19,0,0,0,0,0,0,0,0,9,20,0,19,0,0,7,0,0,0,7,7,0,0,0,1
-56.49434405069957,0.5343886271459531,673,549,726,0,5,1,3,297,22,8,24,0,0,0,0,0,0,0,0,19,20,0,6,0,0,9,0,0,0,6,7,0,0,0,1
-64.66809591586821,0.16604002493447417,591,419,749,0,3,5,5,118,53,5,25,0,0,0,0,0,0,0,0,14,8,0,20,0,0,4,0,0,0,5,3,0,0,0,1
-48.89728598575598,0.2634634385077769,802,656,379,0,3,2,2,306,74,11,24,0,0,0,0,0,0,0,0,12,12,0,11,0,0,9,0,0,0,12,3,0,0,0,1
-53.787045199220856,0.48720752001203593,1683,225,706,0,5,3,4,390,73,12,39,0,0,0,0,0,0,0,0,5,20,0,20,0,0,8,0,0,0,6,7,0,0,0,1
-75.13548119187874,0.7312210699788612,1386,739,252,0,2,4,1,242,47,11,25,0,0,0,0,0,0,0,0,16,8,0,15,0,0,9,0,0,0,9,3,0,0,0,1
-81.86453427713839,0.3069993074543162,1421,416,491,0,1,1,1,348,69,7,23,0,0,0,0,0,0,0,0,7,17,0,10,0,0,4,0,0,0,7,2,0,0,0,1
-83.53089627701226,0.7294865762361471,1159,332,247,0,1,1,3,219,36,12,31,0,0,0,0,0,0,0,0,7,17,0,15,0,0,3,0,0,0,6,6,0,0,0,1
-54.09761604175711,0.26157198999273024,1856,222,774,0,2,5,5,353,24,15,15,0,0,0,0,0,0,0,0,18,10,0,12,0,0,2,0,0,0,8,2,0,0,0,1
-48.09131200087256,0.5564263300926902,931,585,263,0,5,4,5,254,47,7,23,0,0,0,0,0,0,0,0,16,9,0,19,0,0,5,0,0,0,5,4,0,0,0,1
-56.77804636319125,0.9579921324500075,548,310,257,0,2,1,4,174,58,5,10,0,0,0,0,0,0,0,0,5,20,0,9,0,0,5,0,0,0,12,6,0,0,0,1
-66.24018563617683,0.6071242058055524,918,627,355,0,2,3,1,263,63,12,28,0,0,0,0,0,0,0,0,6,18,0,18,0,0,5,0,0,0,11,8,0,0,0,1
-68.85299465707982,0.5681295188595953,1977,719,416,0,4,3,4,318,54,15,18,0,0,0,0,0,0,0,0,15,13,0,15,0,0,4,0,0,0,11,5,0,0,0,1
-57.204358800041746,0.14252503501872216,1453,767,587,0,5,1,4,249,32,17,36,0,0,0,0,0,0,0,0,18,12,0,18,0,0,6,0,0,0,9,6,0,0,0,1
-67.26908289235745,0.6542705321302068,1075,384,350,0,5,3,1,281,47,17,15,0,0,0,0,0,0,0,0,11,17,0,18,0,0,5,0,0,0,7,4,0,0,0,1
-53.13712558216754,0.6465912506934968,1378,451,449,0,2,4,5,127,75,14,24,0,0,0,0,0,0,0,0,18,8,0,6,0,0,8,0,0,0,5,5,0,0,0,1
-81.52001787507383,0.9191712346728089,922,538,755,0,4,4,3,350,33,6,15,0,0,0,0,0,0,0,0,7,8,0,5,0,0,5,0,0,0,9,5,0,0,0,1
-58.425811069049374,0.21521924301038564,1512,385,551,0,5,4,5,190,43,12,27,0,0,0,0,0,0,0,0,5,20,0,15,0,0,6,0,0,0,14,4,0,0,0,1
